K1,K2,K3,K4,K5,K6,ClassValues
0,0,0,0,0,0,0
0,0,1.732051,0,0,0,0
0,0,1.732051,0,0,0,0
0,0,3.464102,0,0,0,0
1.732051,0,3.464102,-1.732051,1.732051,0,0
3.464102,0,0,-3.464102,3.464102,0,0
3.464102,0,3.464102,-3.464102,3.464102,0,0
3.464102,0,3.464102,-3.464102,3.464102,0,0
1.732051,0,1.732051,0,0,0,0
3.464102,0,1.732051,-1.732051,1.732051,0,0
3.464102,0,1.732051,-1.732051,1.732051,0,0
3.464102,0,3.464102,0,0,0,0
3.464102,0,6.928203,0,0,0,0
5.196152,0,3.464102,-1.732051,1.732051,0,0
5.196152,0,6.928203,-1.732051,1.732051,0,0
6.928203,0,3.464102,-3.464102,3.464102,0,0
6.928203,0,5.196152,-3.464102,3.464102,0,0
6.928203,0,5.196152,-3.464102,3.464102,0,0
6.928203,0,6.928203,-3.464102,3.464102,0,0
5.196152,0,6.928203,0,0,0,0
5.196152,0,6.928203,0,0,0,0
6.928203,0,5.196152,-1.732051,1.732051,0,0
6.928203,0,8.660254,-1.732051,1.732051,0,0
8.660254,0,6.928203,-3.464102,3.464102,0,0
8.660254,0,8.660254,-3.464102,3.464102,0,0
0,0,3.464102,0,0,0,0
1.732051,0,3.464102,-1.732051,1.732051,0,0
3.464102,0,3.464102,-3.464102,3.464102,0,0
1.732051,0,1.732051,0,0,0,0
1.732051,0,1.732051,0,0,0,0
1.732051,0,5.196152,0,0,0,0
1.732051,0,5.196152,0,0,0,0
3.464102,0,3.464102,-1.732051,1.732051,0,0
3.464102,0,3.464102,-1.732051,1.732051,0,0
3.464102,0,5.196152,-1.732051,1.732051,0,0
5.196152,0,3.464102,-3.464102,3.464102,0,0
5.196152,0,5.196152,-3.464102,3.464102,0,0
3.464102,0,5.196152,0,0,0,0
3.464102,0,6.928203,0,0,0,0
6.928203,0,5.196152,-3.464102,3.464102,0,0
5.196152,0,5.196152,0,0,0,0
6.928203,0,5.196152,-1.732051,1.732051,0,0
6.928203,0,6.928203,-1.732051,1.732051,0,0
8.660254,0,5.196152,-3.464102,3.464102,0,0
8.660254,0,5.196152,-3.464102,3.464102,0,0
0,0,0,0,0,0,0
0,0,1.732051,0,0,0,0
1.732051,0,0,-1.732051,1.732051,0,1
1.732051,0,3.464102,-1.732051,1.732051,0,1
3.464102,0,0,-3.464102,3.464102,0,0
3.464102,0,1.732051,-3.464102,3.464102,0,0
3.464102,0,3.464102,-3.464102,3.464102,0,0
3.464102,0,3.464102,-3.464102,3.464102,0,1
1.732051,0,1.732051,0,0,0,0
1.732051,0,1.732051,0,0,0,0
1.732051,0,3.464102,0,0,0,0
3.464102,0,3.464102,-1.732051,1.732051,0,0
3.464102,0,3.464102,-1.732051,1.732051,0,0
5.196152,0,1.732051,-3.464102,3.464102,0,1
5.196152,0,5.196152,-3.464102,3.464102,0,0
3.464102,0,3.464102,0,0,0,0
3.464102,0,3.464102,0,0,0,0
3.464102,0,3.464102,0,0,0,0
6.928203,0,5.196152,-1.732051,1.732051,0,0
6.928203,0,6.928203,-1.732051,1.732051,0,1
8.660254,0,5.196152,-3.464102,3.464102,0,0
8.660254,0,8.660254,-3.464102,3.464102,0,0
8.660254,0,8.660254,-3.464102,3.464102,0,1
1.732051,0,0,-1.732051,1.732051,0,1
3.464102,0,1.732051,-3.464102,3.464102,0,0
3.464102,0,1.732051,-3.464102,3.464102,0,1
3.464102,0,3.464102,-3.464102,3.464102,0,0
3.464102,0,3.464102,-3.464102,3.464102,0,1
1.732051,0,3.464102,0,0,0,0
1.732051,0,5.196152,0,0,0,0
1.732051,0,5.196152,0,0,0,0
3.464102,0,1.732051,-1.732051,1.732051,0,1
3.464102,0,3.464102,-1.732051,1.732051,0,0
3.464102,0,5.196152,-1.732051,1.732051,0,0
5.196152,0,3.464102,-3.464102,3.464102,0,1
5.196152,0,5.196152,-3.464102,3.464102,0,1
3.464102,0,6.928203,0,0,0,0
5.196152,0,3.464102,-1.732051,1.732051,0,0
5.196152,0,3.464102,-1.732051,1.732051,0,0
5.196152,0,6.928203,-1.732051,1.732051,0,0
6.928203,0,3.464102,-3.464102,3.464102,0,0
6.928203,0,6.928203,-3.464102,3.464102,0,1
5.196152,0,5.196152,0,0,0,0
5.196152,0,8.660254,0,0,0,0
6.928203,0,8.660254,-1.732051,1.732051,0,1
8.660254,0,6.928203,-3.464102,3.464102,0,0
0,1.732051,3.464102,0,0,0,0
0,1.732051,5.196152,0,0,0,0
1.732051,1.732051,1.732051,-1.732051,1.732051,0,0
1.732051,1.732051,5.196152,-1.732051,1.732051,0,0
3.464102,1.732051,3.464102,-3.464102,3.464102,0,0
3.464102,1.732051,6.928203,-1.732051,1.732051,0,0
5.196152,1.732051,3.464102,-3.464102,3.464102,0,0
5.196152,1.732051,6.928203,-3.464102,3.464102,0,0
3.464102,1.732051,5.196152,0,0,0,0
3.464102,1.732051,6.928203,0,0,0,0
3.464102,1.732051,6.928203,0,0,0,0
3.464102,1.732051,8.660254,0,0,0,0
5.196152,1.732051,5.196152,-1.732051,1.732051,0,0
6.928203,1.732051,5.196152,-3.464102,3.464102,0,0
6.928203,1.732051,8.660254,-3.464102,3.464102,0,0
5.196152,1.732051,6.928203,0,0,0,0
5.196152,1.732051,8.660254,0,0,0,0
5.196152,1.732051,10.392305,0,0,0,0
6.928203,1.732051,6.928203,-1.732051,1.732051,0,0
6.928203,1.732051,6.928203,-1.732051,1.732051,0,0
6.928203,1.732051,10.392305,-1.732051,1.732051,0,0
8.660254,1.732051,6.928203,-3.464102,3.464102,0,0
8.660254,1.732051,10.392305,-3.464102,3.464102,0,0
0,1.732051,1.732051,0,0,0,0
1.732051,1.732051,3.464102,-1.732051,1.732051,0,0
1.732051,1.732051,3.464102,0,0,0,0
3.464102,1.732051,5.196152,-1.732051,1.732051,0,0
3.464102,1.732051,6.928203,0,0,0,0
3.464102,1.732051,8.660254,0,0,0,0
5.196152,1.732051,5.196152,-1.732051,1.732051,0,0
5.196152,1.732051,8.660254,-1.732051,1.732051,0,1
5.196152,1.732051,6.928203,0,0,0,0
8.660254,1.732051,8.660254,-3.464102,3.464102,0,0
8.660254,1.732051,10.392305,-3.464102,3.464102,0,1
8.660254,1.732051,10.392305,-3.464102,3.464102,0,1
0,1.732051,5.196152,0,0,0,0
1.732051,1.732051,1.732051,-1.732051,1.732051,0,0
3.464102,1.732051,1.732051,-3.464102,3.464102,0,0
3.464102,1.732051,1.732051,-3.464102,3.464102,0,0
3.464102,1.732051,1.732051,-3.464102,3.464102,0,0
5.196152,1.732051,3.464102,-3.464102,3.464102,0,0
5.196152,1.732051,5.196152,-3.464102,3.464102,0,1
3.464102,1.732051,8.660254,0,0,0,0
5.196152,1.732051,6.928203,-1.732051,1.732051,0,1
5.196152,1.732051,6.928203,-1.732051,1.732051,0,1
6.928203,1.732051,5.196152,-3.464102,3.464102,0,0
6.928203,1.732051,6.928203,-3.464102,3.464102,0,1
6.928203,1.732051,8.660254,-3.464102,3.464102,0,0
5.196152,1.732051,6.928203,0,0,0,0
5.196152,1.732051,8.660254,0,0,0,0
5.196152,1.732051,10.392305,0,0,0,0
6.928203,1.732051,6.928203,-1.732051,1.732051,0,0
6.928203,1.732051,8.660254,-1.732051,1.732051,0,0
8.660254,1.732051,8.660254,-3.464102,3.464102,0,1
0,1.732051,1.732051,0,0,0,0
1.732051,1.732051,5.196152,-1.732051,1.732051,0,1
1.732051,1.732051,3.464102,0,0,0,0
1.732051,1.732051,3.464102,0,0,0,0
1.732051,1.732051,5.196152,0,0,0,0
1.732051,1.732051,5.196152,0,0,0,0
1.732051,1.732051,6.928203,0,0,0,0
3.464102,1.732051,6.928203,-1.732051,1.732051,0,0
3.464102,1.732051,6.928203,-1.732051,1.732051,0,1
5.196152,1.732051,3.464102,-3.464102,3.464102,0,1
5.196152,1.732051,6.928203,-3.464102,3.464102,0,0
3.464102,1.732051,8.660254,0,0,0,0
5.196152,1.732051,6.928203,-1.732051,1.732051,0,1
5.196152,1.732051,8.660254,-1.732051,1.732051,0,0
6.928203,1.732051,5.196152,-3.464102,3.464102,0,0
6.928203,1.732051,6.928203,-3.464102,3.464102,0,1
5.196152,1.732051,6.928203,0,0,0,0
5.196152,1.732051,6.928203,0,0,0,0
5.196152,1.732051,6.928203,0,0,0,0
6.928203,1.732051,10.392305,-1.732051,1.732051,0,0
8.660254,1.732051,10.392305,-3.464102,3.464102,0,1
0,3.464102,5.196152,0,0,0,0
0,3.464102,6.928203,0,0,0,0
3.464102,3.464102,3.464102,-3.464102,3.464102,0,0
3.464102,3.464102,3.464102,-3.464102,3.464102,0,0
1.732051,3.464102,8.660254,0,0,0,0
3.464102,3.464102,6.928203,-1.732051,1.732051,0,0
3.464102,3.464102,6.928203,-1.732051,1.732051,0,1
3.464102,3.464102,8.660254,-1.732051,1.732051,0,1
5.196152,3.464102,6.928203,-3.464102,3.464102,0,0
5.196152,3.464102,6.928203,-3.464102,3.464102,0,1
5.196152,3.464102,8.660254,-3.464102,3.464102,0,0
5.196152,3.464102,8.660254,-3.464102,3.464102,0,1
3.464102,3.464102,10.392305,0,0,0,0
3.464102,3.464102,10.392305,0,0,0,0
5.196152,3.464102,8.660254,-1.732051,1.732051,0,1
6.928203,3.464102,6.928203,-3.464102,3.464102,0,0
6.928203,3.464102,8.660254,-3.464102,3.464102,0,1
6.928203,3.464102,8.660254,-3.464102,3.464102,0,1
6.928203,3.464102,10.392305,-3.464102,3.464102,0,0
5.196152,3.464102,10.392305,0,0,0,0
6.928203,3.464102,8.660254,-1.732051,1.732051,0,0
6.928203,3.464102,10.392305,-1.732051,1.732051,0,1
8.660254,3.464102,12.124356,-3.464102,3.464102,0,1
0,3.464102,3.464102,0,0,0,0
0,3.464102,5.196152,0,0,0,0
1.732051,3.464102,3.464102,-1.732051,1.732051,0,0
1.732051,3.464102,3.464102,-1.732051,1.732051,0,1
1.732051,3.464102,6.928203,-1.732051,1.732051,0,1
3.464102,3.464102,3.464102,-3.464102,3.464102,0,0
3.464102,3.464102,6.928203,-3.464102,3.464102,0,1
1.732051,3.464102,5.196152,0,0,0,0
3.464102,3.464102,5.196152,-1.732051,1.732051,0,0
3.464102,3.464102,6.928203,-1.732051,1.732051,0,1
3.464102,3.464102,8.660254,-1.732051,1.732051,0,1
5.196152,3.464102,8.660254,-3.464102,3.464102,0,1
5.196152,3.464102,8.660254,-1.732051,1.732051,0,1
6.928203,3.464102,8.660254,-3.464102,3.464102,0,1
6.928203,3.464102,10.392305,-3.464102,3.464102,0,0
5.196152,3.464102,8.660254,0,0,0,0
5.196152,3.464102,10.392305,0,0,0,0
5.196152,3.464102,10.392305,0,0,0,0
5.196152,3.464102,12.124356,0,0,0,0
5.196152,3.464102,12.124356,0,0,0,0
6.928203,3.464102,8.660254,-1.732051,1.732051,0,0
6.928203,3.464102,10.392305,-1.732051,1.732051,0,0
6.928203,3.464102,10.392305,-1.732051,1.732051,0,1
6.928203,3.464102,12.124356,-1.732051,1.732051,0,1
8.660254,3.464102,8.660254,-3.464102,3.464102,0,0
8.660254,3.464102,10.392305,-3.464102,3.464102,0,1
0,3.464102,3.464102,0,0,0,0
0,3.464102,6.928203,0,0,0,0
3.464102,3.464102,6.928203,-3.464102,3.464102,0,1
1.732051,3.464102,5.196152,0,0,0,0
3.464102,3.464102,5.196152,-1.732051,1.732051,0,0
3.464102,3.464102,5.196152,-1.732051,1.732051,0,1
3.464102,3.464102,6.928203,-1.732051,1.732051,0,1
5.196152,3.464102,6.928203,-3.464102,3.464102,0,0
5.196152,3.464102,6.928203,-3.464102,3.464102,0,1
3.464102,3.464102,10.392305,0,0,0,0
3.464102,3.464102,10.392305,0,0,0,0
5.196152,3.464102,6.928203,-1.732051,1.732051,0,1
5.196152,3.464102,8.660254,-1.732051,1.732051,0,0
5.196152,3.464102,8.660254,-1.732051,1.732051,0,3
6.928203,3.464102,8.660254,-3.464102,3.464102,0,1
6.928203,3.464102,10.392305,-3.464102,3.464102,0,0
6.928203,3.464102,8.660254,-1.732051,1.732051,0,0
6.928203,3.464102,10.392305,-1.732051,1.732051,0,0
6.928203,3.464102,12.124356,-1.732051,1.732051,0,3
0,3.464102,3.464102,0,0,0,0
0,3.464102,3.464102,0,0,0,0
0,3.464102,5.196152,0,0,0,0
0,3.464102,6.928203,0,0,0,0
1.732051,3.464102,3.464102,-1.732051,1.732051,0,0
3.464102,3.464102,3.464102,-3.464102,3.464102,0,0
3.464102,3.464102,3.464102,-3.464102,3.464102,0,0
3.464102,3.464102,5.196152,-3.464102,3.464102,0,2
3.464102,3.464102,6.928203,-3.464102,3.464102,0,2
1.732051,3.464102,6.928203,0,0,0,0
3.464102,3.464102,5.196152,-1.732051,1.732051,0,2
3.464102,3.464102,6.928203,-1.732051,1.732051,0,1
3.464102,3.464102,8.660254,-1.732051,1.732051,0,0
3.464102,3.464102,8.660254,-1.732051,1.732051,0,3
5.196152,3.464102,5.196152,-3.464102,3.464102,0,1
3.464102,3.464102,10.392305,0,0,0,0
5.196152,3.464102,6.928203,-1.732051,1.732051,0,0
5.196152,3.464102,10.392305,-1.732051,1.732051,0,2
6.928203,3.464102,6.928203,-3.464102,3.464102,0,0
6.928203,3.464102,10.392305,-3.464102,3.464102,0,0
5.196152,3.464102,8.660254,0,0,0,0
5.196152,3.464102,8.660254,0,0,0,0
5.196152,3.464102,12.124356,0,0,0,0
0,5.196152,6.928203,0,0,0,0
0,5.196152,6.928203,0,0,0,0
0,5.196152,8.660254,0,0,0,0
1.732051,5.196152,6.928203,-1.732051,1.732051,0,0
1.732051,5.196152,8.660254,0,0,0,0
1.732051,5.196152,8.660254,0,0,0,0
3.464102,5.196152,6.928203,-1.732051,1.732051,0,0
3.464102,5.196152,8.660254,-1.732051,1.732051,0,0
3.464102,5.196152,12.124356,0,0,0,0
5.196152,5.196152,8.660254,-1.732051,1.732051,0,0
5.196152,5.196152,10.392305,-1.732051,1.732051,0,0
5.196152,5.196152,10.392305,-1.732051,1.732051,0,1
6.928203,5.196152,10.392305,-3.464102,3.464102,0,1
6.928203,5.196152,12.124356,-3.464102,3.464102,0,1
5.196152,5.196152,10.392305,0,0,0,0
5.196152,5.196152,12.124356,0,0,0,0
6.928203,5.196152,12.124356,-1.732051,1.732051,0,1
8.660254,5.196152,13.856406,-3.464102,3.464102,0,1
0,5.196152,6.928203,0,0,0,0
0,5.196152,8.660254,0,0,0,0
1.732051,5.196152,5.196152,-1.732051,1.732051,0,1
1.732051,5.196152,6.928203,-1.732051,1.732051,0,0
1.732051,5.196152,6.928203,-1.732051,1.732051,0,1
1.732051,5.196152,6.928203,0,0,0,0
1.732051,5.196152,10.392305,0,0,0,0
3.464102,5.196152,8.660254,-1.732051,1.732051,0,0
3.464102,5.196152,10.392305,-1.732051,1.732051,0,1
5.196152,5.196152,6.928203,-3.464102,3.464102,0,1
5.196152,5.196152,10.392305,-3.464102,3.464102,0,0
3.464102,5.196152,8.660254,0,0,0,0
3.464102,5.196152,12.124356,0,0,0,0
3.464102,5.196152,12.124356,0,0,0,0
5.196152,5.196152,10.392305,-1.732051,1.732051,0,1
5.196152,5.196152,12.124356,-1.732051,1.732051,0,3
5.196152,5.196152,10.392305,0,0,0,0
5.196152,5.196152,12.124356,0,0,0,0
5.196152,5.196152,12.124356,0,0,0,0
5.196152,5.196152,13.856406,0,0,0,0
6.928203,5.196152,12.124356,-1.732051,1.732051,0,1
6.928203,5.196152,12.124356,-1.732051,1.732051,0,3
6.928203,5.196152,13.856406,-1.732051,1.732051,0,1
8.660254,5.196152,12.124356,-3.464102,3.464102,0,3
0,5.196152,6.928203,0,0,0,0
3.464102,5.196152,5.196152,-3.464102,3.464102,0,0
3.464102,5.196152,6.928203,-3.464102,3.464102,0,2
3.464102,5.196152,8.660254,-3.464102,3.464102,0,3
1.732051,5.196152,6.928203,0,0,0,0
1.732051,5.196152,8.660254,0,0,0,0
1.732051,5.196152,8.660254,0,0,0,0
3.464102,5.196152,6.928203,-1.732051,1.732051,0,0
3.464102,5.196152,6.928203,-1.732051,1.732051,0,2
3.464102,5.196152,8.660254,-1.732051,1.732051,0,1
3.464102,5.196152,10.392305,-1.732051,1.732051,0,3
3.464102,5.196152,10.392305,0,0,0,0
5.196152,5.196152,12.124356,-1.732051,1.732051,0,0
6.928203,5.196152,10.392305,-3.464102,3.464102,0,0
6.928203,5.196152,10.392305,-3.464102,3.464102,0,3
6.928203,5.196152,12.124356,-3.464102,3.464102,0,0
6.928203,5.196152,12.124356,-3.464102,3.464102,0,3
5.196152,5.196152,13.856406,0,0,0,0
6.928203,5.196152,12.124356,-1.732051,1.732051,0,3
6.928203,5.196152,13.856406,-1.732051,1.732051,0,0
8.660254,5.196152,10.392305,-3.464102,3.464102,0,0
8.660254,5.196152,10.392305,-3.464102,3.464102,0,2
8.660254,5.196152,12.124356,-3.464102,3.464102,0,0
8.660254,5.196152,13.856406,-3.464102,3.464102,0,2
0,5.196152,5.196152,0,0,0,0
0,5.196152,8.660254,0,0,0,0
0,5.196152,8.660254,0,0,0,0
1.732051,5.196152,8.660254,-1.732051,1.732051,0,0
1.732051,5.196152,8.660254,-1.732051,1.732051,0,3
3.464102,5.196152,5.196152,-3.464102,3.464102,0,0
3.464102,5.196152,8.660254,-3.464102,3.464102,0,0
3.464102,5.196152,8.660254,-3.464102,3.464102,0,3
1.732051,5.196152,8.660254,0,0,0,0
1.732051,5.196152,8.660254,0,0,0,0
1.732051,5.196152,10.392305,0,0,0,0
1.732051,5.196152,10.392305,0,0,0,0
3.464102,5.196152,10.392305,-1.732051,1.732051,0,2
5.196152,5.196152,8.660254,-3.464102,3.464102,0,0
5.196152,5.196152,10.392305,-1.732051,1.732051,0,3
6.928203,5.196152,10.392305,-3.464102,3.464102,0,2
5.196152,5.196152,12.124356,0,0,0,0
5.196152,5.196152,13.856406,0,0,0,0
6.928203,5.196152,10.392305,-1.732051,1.732051,0,1
6.928203,5.196152,13.856406,-1.732051,1.732051,0,0
6.928203,5.196152,13.856406,-1.732051,1.732051,0,2
6.928203,5.196152,13.856406,-1.732051,1.732051,0,3
8.660254,5.196152,12.124356,-3.464102,3.464102,0,2
0,0,0,0,0,0,0
0,0,0,0,0,0,0
0,0,1.732051,0,0,0,0
0,0,3.464102,0,0,0,0
0,0,3.464102,0,0,0,0
1.732051,0,0,-1.732051,1.732051,0,0
1.732051,0,0,-1.732051,1.732051,0,0
1.732051,0,0,-1.732051,1.732051,0,0
1.732051,0,1.732051,-1.732051,1.732051,0,0
1.732051,0,1.732051,-1.732051,1.732051,0,0
1.732051,0,1.732051,-1.732051,1.732051,0,0
1.732051,0,3.464102,-1.732051,1.732051,0,0
1.732051,0,3.464102,-1.732051,1.732051,0,0
3.464102,0,0,-3.464102,3.464102,0,0
3.464102,0,0,-3.464102,3.464102,0,0
3.464102,0,1.732051,-3.464102,3.464102,0,0
3.464102,0,1.732051,-3.464102,3.464102,0,0
3.464102,0,1.732051,-3.464102,3.464102,0,0
3.464102,0,3.464102,-3.464102,3.464102,0,0
1.732051,0,1.732051,0,0,0,0
1.732051,0,1.732051,0,0,0,0
1.732051,0,3.464102,0,0,0,0
1.732051,0,3.464102,0,0,0,0
1.732051,0,3.464102,0,0,0,0
1.732051,0,5.196152,0,0,0,0
1.732051,0,5.196152,0,0,0,0
1.732051,0,5.196152,0,0,0,0
3.464102,0,1.732051,-1.732051,1.732051,0,0
3.464102,0,3.464102,-1.732051,1.732051,0,0
3.464102,0,3.464102,-1.732051,1.732051,0,0
3.464102,0,3.464102,-1.732051,1.732051,0,0
3.464102,0,5.196152,-1.732051,1.732051,0,0
3.464102,0,5.196152,-1.732051,1.732051,0,0
3.464102,0,5.196152,-1.732051,1.732051,0,0
5.196152,0,1.732051,-3.464102,3.464102,0,0
5.196152,0,1.732051,-3.464102,3.464102,0,0
5.196152,0,1.732051,-3.464102,3.464102,0,0
5.196152,0,3.464102,-3.464102,3.464102,0,0
5.196152,0,3.464102,-3.464102,3.464102,0,0
5.196152,0,3.464102,-3.464102,3.464102,0,0
5.196152,0,5.196152,-3.464102,3.464102,0,0
5.196152,0,5.196152,-3.464102,3.464102,0,0
5.196152,0,5.196152,-3.464102,3.464102,0,0
3.464102,0,3.464102,0,0,0,0
3.464102,0,3.464102,0,0,0,0
3.464102,0,5.196152,0,0,0,0
3.464102,0,5.196152,0,0,0,0
3.464102,0,5.196152,0,0,0,0
3.464102,0,6.928203,0,0,0,0
3.464102,0,6.928203,0,0,0,0
5.196152,0,3.464102,-1.732051,1.732051,0,0
5.196152,0,3.464102,-1.732051,1.732051,0,0
5.196152,0,5.196152,-1.732051,1.732051,0,0
5.196152,0,5.196152,-1.732051,1.732051,0,0
5.196152,0,5.196152,-1.732051,1.732051,0,0
5.196152,0,6.928203,-1.732051,1.732051,0,0
5.196152,0,6.928203,-1.732051,1.732051,0,0
6.928203,0,3.464102,-3.464102,3.464102,0,0
6.928203,0,3.464102,-3.464102,3.464102,0,0
6.928203,0,5.196152,-3.464102,3.464102,0,0
6.928203,0,6.928203,-3.464102,3.464102,0,0
6.928203,0,6.928203,-3.464102,3.464102,0,0
5.196152,0,5.196152,0,0,0,0
5.196152,0,5.196152,0,0,0,0
5.196152,0,5.196152,0,0,0,0
5.196152,0,6.928203,0,0,0,0
5.196152,0,8.660254,0,0,0,0
5.196152,0,8.660254,0,0,0,0
5.196152,0,8.660254,0,0,0,0
6.928203,0,5.196152,-1.732051,1.732051,0,0
6.928203,0,5.196152,-1.732051,1.732051,0,0
6.928203,0,6.928203,-1.732051,1.732051,0,0
6.928203,0,6.928203,-1.732051,1.732051,0,0
6.928203,0,6.928203,-1.732051,1.732051,0,0
6.928203,0,8.660254,-1.732051,1.732051,0,0
6.928203,0,8.660254,-1.732051,1.732051,0,0
8.660254,0,5.196152,-3.464102,3.464102,0,0
8.660254,0,5.196152,-3.464102,3.464102,0,0
8.660254,0,5.196152,-3.464102,3.464102,0,0
8.660254,0,6.928203,-3.464102,3.464102,0,0
8.660254,0,6.928203,-3.464102,3.464102,0,0
8.660254,0,8.660254,-3.464102,3.464102,0,0
8.660254,0,8.660254,-3.464102,3.464102,0,0
0,0,0,0,0,0,0
0,0,0,0,0,0,0
0,0,0,0,0,0,0
0,0,1.732051,0,0,0,0
0,0,1.732051,0,0,0,0
0,0,1.732051,0,0,0,0
0,0,3.464102,0,0,0,0
0,0,3.464102,0,0,0,0
1.732051,0,0,-1.732051,1.732051,0,0
1.732051,0,0,-1.732051,1.732051,0,0
1.732051,0,0,-1.732051,1.732051,0,0
1.732051,0,1.732051,-1.732051,1.732051,0,0
1.732051,0,1.732051,-1.732051,1.732051,0,0
1.732051,0,1.732051,-1.732051,1.732051,0,0
1.732051,0,3.464102,-1.732051,1.732051,0,0
1.732051,0,3.464102,-1.732051,1.732051,0,0
3.464102,0,0,-3.464102,3.464102,0,0
3.464102,0,0,-3.464102,3.464102,0,0
3.464102,0,0,-3.464102,3.464102,0,0
3.464102,0,1.732051,-3.464102,3.464102,0,0
3.464102,0,1.732051,-3.464102,3.464102,0,0
3.464102,0,1.732051,-3.464102,3.464102,0,0
3.464102,0,3.464102,-3.464102,3.464102,0,0
3.464102,0,3.464102,-3.464102,3.464102,0,0
1.732051,0,1.732051,0,0,0,0
1.732051,0,3.464102,0,0,0,0
1.732051,0,3.464102,0,0,0,0
1.732051,0,3.464102,0,0,0,0
1.732051,0,5.196152,0,0,0,0
3.464102,0,1.732051,-1.732051,1.732051,0,0
3.464102,0,1.732051,-1.732051,1.732051,0,0
3.464102,0,1.732051,-1.732051,1.732051,0,0
3.464102,0,3.464102,-1.732051,1.732051,0,0
3.464102,0,5.196152,-1.732051,1.732051,0,0
3.464102,0,5.196152,-1.732051,1.732051,0,0
5.196152,0,1.732051,-3.464102,3.464102,0,0
5.196152,0,1.732051,-3.464102,3.464102,0,0
5.196152,0,1.732051,-3.464102,3.464102,0,0
5.196152,0,3.464102,-3.464102,3.464102,0,0
5.196152,0,3.464102,-3.464102,3.464102,0,0
5.196152,0,5.196152,-3.464102,3.464102,0,0
5.196152,0,5.196152,-3.464102,3.464102,0,0
3.464102,0,3.464102,0,0,0,0
3.464102,0,3.464102,0,0,0,0
3.464102,0,3.464102,0,0,0,0
3.464102,0,5.196152,0,0,0,0
3.464102,0,5.196152,0,0,0,0
3.464102,0,6.928203,0,0,0,0
3.464102,0,6.928203,0,0,0,0
5.196152,0,3.464102,-1.732051,1.732051,0,0
5.196152,0,3.464102,-1.732051,1.732051,0,0
5.196152,0,3.464102,-1.732051,1.732051,0,0
5.196152,0,5.196152,-1.732051,1.732051,0,0
5.196152,0,5.196152,-1.732051,1.732051,0,0
5.196152,0,5.196152,-1.732051,1.732051,0,0
5.196152,0,6.928203,-1.732051,1.732051,0,0
5.196152,0,6.928203,-1.732051,1.732051,0,0
5.196152,0,6.928203,-1.732051,1.732051,0,0
6.928203,0,3.464102,-3.464102,3.464102,0,0
6.928203,0,3.464102,-3.464102,3.464102,0,0
6.928203,0,3.464102,-3.464102,3.464102,0,0
6.928203,0,5.196152,-3.464102,3.464102,0,0
6.928203,0,5.196152,-3.464102,3.464102,0,0
6.928203,0,6.928203,-3.464102,3.464102,0,0
6.928203,0,6.928203,-3.464102,3.464102,0,0
6.928203,0,6.928203,-3.464102,3.464102,0,0
5.196152,0,5.196152,0,0,0,0
5.196152,0,5.196152,0,0,0,0
5.196152,0,6.928203,0,0,0,0
5.196152,0,6.928203,0,0,0,0
5.196152,0,6.928203,0,0,0,0
5.196152,0,8.660254,0,0,0,0
5.196152,0,8.660254,0,0,0,0
5.196152,0,8.660254,0,0,0,0
6.928203,0,5.196152,-1.732051,1.732051,0,0
6.928203,0,5.196152,-1.732051,1.732051,0,0
6.928203,0,6.928203,-1.732051,1.732051,0,0
6.928203,0,6.928203,-1.732051,1.732051,0,0
6.928203,0,8.660254,-1.732051,1.732051,0,0
6.928203,0,8.660254,-1.732051,1.732051,0,0
6.928203,0,8.660254,-1.732051,1.732051,0,0
8.660254,0,5.196152,-3.464102,3.464102,0,0
8.660254,0,6.928203,-3.464102,3.464102,0,0
8.660254,0,6.928203,-3.464102,3.464102,0,0
8.660254,0,6.928203,-3.464102,3.464102,0,0
8.660254,0,8.660254,-3.464102,3.464102,0,0
8.660254,0,8.660254,-3.464102,3.464102,0,0
8.660254,0,8.660254,-3.464102,3.464102,0,0
0,0,0,0,0,0,0
0,0,0,0,0,0,0
0,0,1.732051,0,0,0,0
0,0,1.732051,0,0,0,0
0,0,3.464102,0,0,0,0
0,0,3.464102,0,0,0,0
0,0,3.464102,0,0,0,0
1.732051,0,0,-1.732051,1.732051,0,0
1.732051,0,0,-1.732051,1.732051,0,0
1.732051,0,1.732051,-1.732051,1.732051,0,0
1.732051,0,1.732051,-1.732051,1.732051,0,0
1.732051,0,1.732051,-1.732051,1.732051,0,1
1.732051,0,3.464102,-1.732051,1.732051,0,0
1.732051,0,3.464102,-1.732051,1.732051,0,1
3.464102,0,0,-3.464102,3.464102,0,0
3.464102,0,0,-3.464102,3.464102,0,0
3.464102,0,1.732051,-3.464102,3.464102,0,0
3.464102,0,1.732051,-3.464102,3.464102,0,1
3.464102,0,3.464102,-3.464102,3.464102,0,1
1.732051,0,1.732051,0,0,0,0
1.732051,0,3.464102,0,0,0,0
1.732051,0,3.464102,0,0,0,0
1.732051,0,5.196152,0,0,0,0
1.732051,0,5.196152,0,0,0,0
1.732051,0,5.196152,0,0,0,0
3.464102,0,1.732051,-1.732051,1.732051,0,0
3.464102,0,1.732051,-1.732051,1.732051,0,0
3.464102,0,1.732051,-1.732051,1.732051,0,1
3.464102,0,3.464102,-1.732051,1.732051,0,1
3.464102,0,5.196152,-1.732051,1.732051,0,0
3.464102,0,5.196152,-1.732051,1.732051,0,1
3.464102,0,5.196152,-1.732051,1.732051,0,1
5.196152,0,1.732051,-3.464102,3.464102,0,0
5.196152,0,1.732051,-3.464102,3.464102,0,0
5.196152,0,3.464102,-3.464102,3.464102,0,0
5.196152,0,3.464102,-3.464102,3.464102,0,1
5.196152,0,3.464102,-3.464102,3.464102,0,1
5.196152,0,5.196152,-3.464102,3.464102,0,1
5.196152,0,5.196152,-3.464102,3.464102,0,1
3.464102,0,5.196152,0,0,0,0
3.464102,0,5.196152,0,0,0,0
3.464102,0,5.196152,0,0,0,0
3.464102,0,6.928203,0,0,0,0
3.464102,0,6.928203,0,0,0,0
3.464102,0,6.928203,0,0,0,0
5.196152,0,3.464102,-1.732051,1.732051,0,0
5.196152,0,3.464102,-1.732051,1.732051,0,0
5.196152,0,3.464102,-1.732051,1.732051,0,1
5.196152,0,5.196152,-1.732051,1.732051,0,0
5.196152,0,5.196152,-1.732051,1.732051,0,1
5.196152,0,5.196152,-1.732051,1.732051,0,1
5.196152,0,6.928203,-1.732051,1.732051,0,0
5.196152,0,6.928203,-1.732051,1.732051,0,1
5.196152,0,6.928203,-1.732051,1.732051,0,1
6.928203,0,3.464102,-3.464102,3.464102,0,0
6.928203,0,3.464102,-3.464102,3.464102,0,0
6.928203,0,3.464102,-3.464102,3.464102,0,1
6.928203,0,5.196152,-3.464102,3.464102,0,0
6.928203,0,5.196152,-3.464102,3.464102,0,1
6.928203,0,5.196152,-3.464102,3.464102,0,1
6.928203,0,6.928203,-3.464102,3.464102,0,0
6.928203,0,6.928203,-3.464102,3.464102,0,1
6.928203,0,6.928203,-3.464102,3.464102,0,1
5.196152,0,5.196152,0,0,0,0
5.196152,0,5.196152,0,0,0,0
5.196152,0,5.196152,0,0,0,0
5.196152,0,6.928203,0,0,0,0
5.196152,0,6.928203,0,0,0,0
5.196152,0,6.928203,0,0,0,0
5.196152,0,8.660254,0,0,0,0
5.196152,0,8.660254,0,0,0,0
5.196152,0,8.660254,0,0,0,0
6.928203,0,5.196152,-1.732051,1.732051,0,0
6.928203,0,5.196152,-1.732051,1.732051,0,1
6.928203,0,6.928203,-1.732051,1.732051,0,0
6.928203,0,6.928203,-1.732051,1.732051,0,1
6.928203,0,8.660254,-1.732051,1.732051,0,0
6.928203,0,8.660254,-1.732051,1.732051,0,1
6.928203,0,8.660254,-1.732051,1.732051,0,1
8.660254,0,5.196152,-3.464102,3.464102,0,0
8.660254,0,5.196152,-3.464102,3.464102,0,1
8.660254,0,6.928203,-3.464102,3.464102,0,0
8.660254,0,6.928203,-3.464102,3.464102,0,1
8.660254,0,6.928203,-3.464102,3.464102,0,1
8.660254,0,8.660254,-3.464102,3.464102,0,1
0,0,0,0,0,0,0
0,0,0,0,0,0,0
0,0,0,0,0,0,0
0,0,1.732051,0,0,0,0
0,0,1.732051,0,0,0,0
0,0,1.732051,0,0,0,0
0,0,3.464102,0,0,0,0
0,0,3.464102,0,0,0,0
0,0,3.464102,0,0,0,0
1.732051,0,0,-1.732051,1.732051,0,0
1.732051,0,0,-1.732051,1.732051,0,0
1.732051,0,1.732051,-1.732051,1.732051,0,0
1.732051,0,1.732051,-1.732051,1.732051,0,0
1.732051,0,1.732051,-1.732051,1.732051,0,1
1.732051,0,3.464102,-1.732051,1.732051,0,0
1.732051,0,3.464102,-1.732051,1.732051,0,1
1.732051,0,3.464102,-1.732051,1.732051,0,1
3.464102,0,0,-3.464102,3.464102,0,0
3.464102,0,0,-3.464102,3.464102,0,0
3.464102,0,0,-3.464102,3.464102,0,0
3.464102,0,1.732051,-3.464102,3.464102,0,0
3.464102,0,3.464102,-3.464102,3.464102,0,1
1.732051,0,1.732051,0,0,0,0
1.732051,0,1.732051,0,0,0,0
1.732051,0,1.732051,0,0,0,0
1.732051,0,3.464102,0,0,0,0
1.732051,0,3.464102,0,0,0,0
1.732051,0,5.196152,0,0,0,0
3.464102,0,1.732051,-1.732051,1.732051,0,0
3.464102,0,1.732051,-1.732051,1.732051,0,0
3.464102,0,3.464102,-1.732051,1.732051,0,0
3.464102,0,3.464102,-1.732051,1.732051,0,1
3.464102,0,5.196152,-1.732051,1.732051,0,1
3.464102,0,5.196152,-1.732051,1.732051,0,1
5.196152,0,1.732051,-3.464102,3.464102,0,0
5.196152,0,1.732051,-3.464102,3.464102,0,0
5.196152,0,1.732051,-3.464102,3.464102,0,1
5.196152,0,3.464102,-3.464102,3.464102,0,0
5.196152,0,3.464102,-3.464102,3.464102,0,1
5.196152,0,5.196152,-3.464102,3.464102,0,0
5.196152,0,5.196152,-3.464102,3.464102,0,1
3.464102,0,3.464102,0,0,0,0
3.464102,0,3.464102,0,0,0,0
3.464102,0,3.464102,0,0,0,0
3.464102,0,5.196152,0,0,0,0
3.464102,0,5.196152,0,0,0,0
3.464102,0,5.196152,0,0,0,0
3.464102,0,6.928203,0,0,0,0
3.464102,0,6.928203,0,0,0,0
5.196152,0,3.464102,-1.732051,1.732051,0,1
5.196152,0,5.196152,-1.732051,1.732051,0,0
5.196152,0,5.196152,-1.732051,1.732051,0,1
5.196152,0,5.196152,-1.732051,1.732051,0,1
5.196152,0,6.928203,-1.732051,1.732051,0,1
5.196152,0,6.928203,-1.732051,1.732051,0,1
6.928203,0,3.464102,-3.464102,3.464102,0,0
6.928203,0,3.464102,-3.464102,3.464102,0,1
6.928203,0,5.196152,-3.464102,3.464102,0,0
6.928203,0,5.196152,-3.464102,3.464102,0,1
6.928203,0,5.196152,-3.464102,3.464102,0,1
6.928203,0,6.928203,-3.464102,3.464102,0,0
6.928203,0,6.928203,-3.464102,3.464102,0,1
5.196152,0,5.196152,0,0,0,0
5.196152,0,5.196152,0,0,0,0
5.196152,0,6.928203,0,0,0,0
5.196152,0,6.928203,0,0,0,0
5.196152,0,6.928203,0,0,0,0
5.196152,0,8.660254,0,0,0,0
5.196152,0,8.660254,0,0,0,0
6.928203,0,5.196152,-1.732051,1.732051,0,0
6.928203,0,5.196152,-1.732051,1.732051,0,0
6.928203,0,5.196152,-1.732051,1.732051,0,1
6.928203,0,6.928203,-1.732051,1.732051,0,0
6.928203,0,6.928203,-1.732051,1.732051,0,1
6.928203,0,6.928203,-1.732051,1.732051,0,1
6.928203,0,8.660254,-1.732051,1.732051,0,0
6.928203,0,8.660254,-1.732051,1.732051,0,1
8.660254,0,5.196152,-3.464102,3.464102,0,0
8.660254,0,5.196152,-3.464102,3.464102,0,0
8.660254,0,5.196152,-3.464102,3.464102,0,1
8.660254,0,6.928203,-3.464102,3.464102,0,1
8.660254,0,6.928203,-3.464102,3.464102,0,1
8.660254,0,8.660254,-3.464102,3.464102,0,0
8.660254,0,8.660254,-3.464102,3.464102,0,1
8.660254,0,8.660254,-3.464102,3.464102,0,1
0,1.732051,1.732051,0,0,0,0
0,1.732051,1.732051,0,0,0,0
0,1.732051,1.732051,0,0,0,0
0,1.732051,3.464102,0,0,0,0
0,1.732051,3.464102,0,0,0,0
0,1.732051,5.196152,0,0,0,0
0,1.732051,5.196152,0,0,0,0
1.732051,1.732051,1.732051,-1.732051,1.732051,0,0
1.732051,1.732051,1.732051,-1.732051,1.732051,0,0
1.732051,1.732051,3.464102,-1.732051,1.732051,0,0
1.732051,1.732051,3.464102,-1.732051,1.732051,0,0
1.732051,1.732051,3.464102,-1.732051,1.732051,0,0
1.732051,1.732051,5.196152,-1.732051,1.732051,0,0
1.732051,1.732051,5.196152,-1.732051,1.732051,0,0
3.464102,1.732051,1.732051,-3.464102,3.464102,0,0
3.464102,1.732051,1.732051,-3.464102,3.464102,0,0
3.464102,1.732051,1.732051,-3.464102,3.464102,0,0
3.464102,1.732051,3.464102,-3.464102,3.464102,0,0
3.464102,1.732051,3.464102,-3.464102,3.464102,0,0
3.464102,1.732051,5.196152,-3.464102,3.464102,0,0
3.464102,1.732051,5.196152,-3.464102,3.464102,0,0
3.464102,1.732051,5.196152,-3.464102,3.464102,0,0
1.732051,1.732051,3.464102,0,0,0,0
1.732051,1.732051,3.464102,0,0,0,0
1.732051,1.732051,3.464102,0,0,0,0
1.732051,1.732051,5.196152,0,0,0,0
1.732051,1.732051,5.196152,0,0,0,0
1.732051,1.732051,5.196152,0,0,0,0
1.732051,1.732051,6.928203,0,0,0,0
1.732051,1.732051,6.928203,0,0,0,0
1.732051,1.732051,6.928203,0,0,0,0
3.464102,1.732051,3.464102,-1.732051,1.732051,0,0
3.464102,1.732051,3.464102,-1.732051,1.732051,0,0
3.464102,1.732051,3.464102,-1.732051,1.732051,0,0
3.464102,1.732051,5.196152,-1.732051,1.732051,0,0
3.464102,1.732051,5.196152,-1.732051,1.732051,0,0
3.464102,1.732051,5.196152,-1.732051,1.732051,0,0
3.464102,1.732051,6.928203,-1.732051,1.732051,0,0
3.464102,1.732051,6.928203,-1.732051,1.732051,0,0
5.196152,1.732051,3.464102,-3.464102,3.464102,0,0
5.196152,1.732051,3.464102,-3.464102,3.464102,0,0
5.196152,1.732051,5.196152,-3.464102,3.464102,0,0
5.196152,1.732051,5.196152,-3.464102,3.464102,0,0
5.196152,1.732051,5.196152,-3.464102,3.464102,0,0
5.196152,1.732051,6.928203,-3.464102,3.464102,0,0
5.196152,1.732051,6.928203,-3.464102,3.464102,0,0
3.464102,1.732051,5.196152,0,0,0,0
3.464102,1.732051,5.196152,0,0,0,0
3.464102,1.732051,6.928203,0,0,0,0
3.464102,1.732051,8.660254,0,0,0,0
3.464102,1.732051,8.660254,0,0,0,0
5.196152,1.732051,5.196152,-1.732051,1.732051,0,0
5.196152,1.732051,5.196152,-1.732051,1.732051,0,0
5.196152,1.732051,6.928203,-1.732051,1.732051,0,0
5.196152,1.732051,6.928203,-1.732051,1.732051,0,0
5.196152,1.732051,6.928203,-1.732051,1.732051,0,0
5.196152,1.732051,8.660254,-1.732051,1.732051,0,0
5.196152,1.732051,8.660254,-1.732051,1.732051,0,0
5.196152,1.732051,8.660254,-1.732051,1.732051,0,0
6.928203,1.732051,5.196152,-3.464102,3.464102,0,0
6.928203,1.732051,5.196152,-3.464102,3.464102,0,0
6.928203,1.732051,6.928203,-3.464102,3.464102,0,0
6.928203,1.732051,6.928203,-3.464102,3.464102,0,0
6.928203,1.732051,6.928203,-3.464102,3.464102,0,0
6.928203,1.732051,8.660254,-3.464102,3.464102,0,0
6.928203,1.732051,8.660254,-3.464102,3.464102,0,0
5.196152,1.732051,6.928203,0,0,0,0
5.196152,1.732051,6.928203,0,0,0,0
5.196152,1.732051,8.660254,0,0,0,0
5.196152,1.732051,8.660254,0,0,0,0
5.196152,1.732051,10.392305,0,0,0,0
5.196152,1.732051,10.392305,0,0,0,0
6.928203,1.732051,6.928203,-1.732051,1.732051,0,0
6.928203,1.732051,8.660254,-1.732051,1.732051,0,0
6.928203,1.732051,8.660254,-1.732051,1.732051,0,0
6.928203,1.732051,8.660254,-1.732051,1.732051,0,0
6.928203,1.732051,10.392305,-1.732051,1.732051,0,0
6.928203,1.732051,10.392305,-1.732051,1.732051,0,0
8.660254,1.732051,6.928203,-3.464102,3.464102,0,0
8.660254,1.732051,6.928203,-3.464102,3.464102,0,0
8.660254,1.732051,8.660254,-3.464102,3.464102,0,0
8.660254,1.732051,8.660254,-3.464102,3.464102,0,0
8.660254,1.732051,8.660254,-3.464102,3.464102,0,0
8.660254,1.732051,10.392305,-3.464102,3.464102,0,0
8.660254,1.732051,10.392305,-3.464102,3.464102,0,0
0,1.732051,1.732051,0,0,0,0
0,1.732051,1.732051,0,0,0,0
0,1.732051,3.464102,0,0,0,0
0,1.732051,3.464102,0,0,0,0
0,1.732051,3.464102,0,0,0,0
0,1.732051,5.196152,0,0,0,0
0,1.732051,5.196152,0,0,0,0
0,1.732051,5.196152,0,0,0,0
1.732051,1.732051,1.732051,-1.732051,1.732051,0,0
1.732051,1.732051,1.732051,-1.732051,1.732051,0,0
1.732051,1.732051,1.732051,-1.732051,1.732051,0,1
1.732051,1.732051,3.464102,-1.732051,1.732051,0,0
1.732051,1.732051,3.464102,-1.732051,1.732051,0,1
1.732051,1.732051,5.196152,-1.732051,1.732051,0,0
1.732051,1.732051,5.196152,-1.732051,1.732051,0,1
1.732051,1.732051,5.196152,-1.732051,1.732051,0,1
3.464102,1.732051,1.732051,-3.464102,3.464102,0,0
3.464102,1.732051,1.732051,-3.464102,3.464102,0,0
3.464102,1.732051,1.732051,-3.464102,3.464102,0,0
3.464102,1.732051,3.464102,-3.464102,3.464102,0,0
3.464102,1.732051,3.464102,-3.464102,3.464102,0,0
3.464102,1.732051,3.464102,-3.464102,3.464102,0,1
3.464102,1.732051,5.196152,-3.464102,3.464102,0,0
3.464102,1.732051,5.196152,-3.464102,3.464102,0,1
3.464102,1.732051,5.196152,-3.464102,3.464102,0,1
1.732051,1.732051,3.464102,0,0,0,0
1.732051,1.732051,3.464102,0,0,0,0
1.732051,1.732051,5.196152,0,0,0,0
1.732051,1.732051,5.196152,0,0,0,0
1.732051,1.732051,5.196152,0,0,0,0
1.732051,1.732051,6.928203,0,0,0,0
1.732051,1.732051,6.928203,0,0,0,0
1.732051,1.732051,6.928203,0,0,0,0
3.464102,1.732051,3.464102,-1.732051,1.732051,0,0
3.464102,1.732051,3.464102,-1.732051,1.732051,0,0
3.464102,1.732051,3.464102,-1.732051,1.732051,0,1
3.464102,1.732051,5.196152,-1.732051,1.732051,0,0
3.464102,1.732051,5.196152,-1.732051,1.732051,0,1
3.464102,1.732051,6.928203,-1.732051,1.732051,0,0
3.464102,1.732051,6.928203,-1.732051,1.732051,0,1
3.464102,1.732051,6.928203,-1.732051,1.732051,0,1
5.196152,1.732051,3.464102,-3.464102,3.464102,0,0
5.196152,1.732051,3.464102,-3.464102,3.464102,0,0
5.196152,1.732051,3.464102,-3.464102,3.464102,0,1
5.196152,1.732051,5.196152,-3.464102,3.464102,0,0
5.196152,1.732051,5.196152,-3.464102,3.464102,0,1
5.196152,1.732051,5.196152,-3.464102,3.464102,0,1
5.196152,1.732051,6.928203,-3.464102,3.464102,0,0
5.196152,1.732051,6.928203,-3.464102,3.464102,0,1
5.196152,1.732051,6.928203,-3.464102,3.464102,0,1
3.464102,1.732051,5.196152,0,0,0,0
3.464102,1.732051,5.196152,0,0,0,0
3.464102,1.732051,5.196152,0,0,0,0
3.464102,1.732051,6.928203,0,0,0,0
3.464102,1.732051,6.928203,0,0,0,0
3.464102,1.732051,8.660254,0,0,0,0
3.464102,1.732051,8.660254,0,0,0,0
5.196152,1.732051,5.196152,-1.732051,1.732051,0,0
5.196152,1.732051,5.196152,-1.732051,1.732051,0,1
5.196152,1.732051,6.928203,-1.732051,1.732051,0,0
5.196152,1.732051,6.928203,-1.732051,1.732051,0,1
5.196152,1.732051,6.928203,-1.732051,1.732051,0,1
5.196152,1.732051,8.660254,-1.732051,1.732051,0,0
5.196152,1.732051,8.660254,-1.732051,1.732051,0,1
6.928203,1.732051,5.196152,-3.464102,3.464102,0,0
6.928203,1.732051,5.196152,-3.464102,3.464102,0,0
6.928203,1.732051,5.196152,-3.464102,3.464102,0,1
6.928203,1.732051,6.928203,-3.464102,3.464102,0,0
6.928203,1.732051,6.928203,-3.464102,3.464102,0,1
6.928203,1.732051,6.928203,-3.464102,3.464102,0,1
6.928203,1.732051,8.660254,-3.464102,3.464102,0,0
6.928203,1.732051,8.660254,-3.464102,3.464102,0,1
6.928203,1.732051,8.660254,-3.464102,3.464102,0,1
5.196152,1.732051,6.928203,0,0,0,0
5.196152,1.732051,6.928203,0,0,0,0
5.196152,1.732051,8.660254,0,0,0,0
5.196152,1.732051,8.660254,0,0,0,0
5.196152,1.732051,8.660254,0,0,0,0
5.196152,1.732051,10.392305,0,0,0,0
5.196152,1.732051,10.392305,0,0,0,0
5.196152,1.732051,10.392305,0,0,0,0
6.928203,1.732051,6.928203,-1.732051,1.732051,0,0
6.928203,1.732051,6.928203,-1.732051,1.732051,0,0
6.928203,1.732051,6.928203,-1.732051,1.732051,0,1
6.928203,1.732051,8.660254,-1.732051,1.732051,0,0
6.928203,1.732051,8.660254,-1.732051,1.732051,0,1
6.928203,1.732051,8.660254,-1.732051,1.732051,0,1
6.928203,1.732051,10.392305,-1.732051,1.732051,0,0
6.928203,1.732051,10.392305,-1.732051,1.732051,0,1
6.928203,1.732051,10.392305,-1.732051,1.732051,0,1
8.660254,1.732051,6.928203,-3.464102,3.464102,0,0
8.660254,1.732051,6.928203,-3.464102,3.464102,0,0
8.660254,1.732051,6.928203,-3.464102,3.464102,0,1
8.660254,1.732051,8.660254,-3.464102,3.464102,0,1
8.660254,1.732051,8.660254,-3.464102,3.464102,0,1
8.660254,1.732051,10.392305,-3.464102,3.464102,0,0
0,1.732051,1.732051,0,0,0,0
0,1.732051,1.732051,0,0,0,0
0,1.732051,1.732051,0,0,0,0
0,1.732051,3.464102,0,0,0,0
0,1.732051,3.464102,0,0,0,0
0,1.732051,3.464102,0,0,0,0
0,1.732051,5.196152,0,0,0,0
0,1.732051,5.196152,0,0,0,0
1.732051,1.732051,1.732051,-1.732051,1.732051,0,0
1.732051,1.732051,1.732051,-1.732051,1.732051,0,1
1.732051,1.732051,3.464102,-1.732051,1.732051,0,0
1.732051,1.732051,3.464102,-1.732051,1.732051,0,0
1.732051,1.732051,3.464102,-1.732051,1.732051,0,1
1.732051,1.732051,5.196152,-1.732051,1.732051,0,0
1.732051,1.732051,5.196152,-1.732051,1.732051,0,1
1.732051,1.732051,5.196152,-1.732051,1.732051,0,1
3.464102,1.732051,3.464102,-3.464102,3.464102,0,0
3.464102,1.732051,3.464102,-3.464102,3.464102,0,0
3.464102,1.732051,3.464102,-3.464102,3.464102,0,1
3.464102,1.732051,5.196152,-3.464102,3.464102,0,0
3.464102,1.732051,5.196152,-3.464102,3.464102,0,1
3.464102,1.732051,5.196152,-3.464102,3.464102,0,1
1.732051,1.732051,3.464102,0,0,0,0
1.732051,1.732051,3.464102,0,0,0,0
1.732051,1.732051,3.464102,0,0,0,0
1.732051,1.732051,5.196152,0,0,0,0
1.732051,1.732051,5.196152,0,0,0,0
1.732051,1.732051,5.196152,0,0,0,0
1.732051,1.732051,6.928203,0,0,0,0
1.732051,1.732051,6.928203,0,0,0,0
1.732051,1.732051,6.928203,0,0,0,0
3.464102,1.732051,3.464102,-1.732051,1.732051,0,0
3.464102,1.732051,3.464102,-1.732051,1.732051,0,0
3.464102,1.732051,3.464102,-1.732051,1.732051,0,1
3.464102,1.732051,5.196152,-1.732051,1.732051,0,0
3.464102,1.732051,5.196152,-1.732051,1.732051,0,0
3.464102,1.732051,5.196152,-1.732051,1.732051,0,1
3.464102,1.732051,6.928203,-1.732051,1.732051,0,0
3.464102,1.732051,6.928203,-1.732051,1.732051,0,1
3.464102,1.732051,6.928203,-1.732051,1.732051,0,1
5.196152,1.732051,3.464102,-3.464102,3.464102,0,0
5.196152,1.732051,3.464102,-3.464102,3.464102,0,1
5.196152,1.732051,5.196152,-3.464102,3.464102,0,0
5.196152,1.732051,5.196152,-3.464102,3.464102,0,1
5.196152,1.732051,6.928203,-3.464102,3.464102,0,0
5.196152,1.732051,6.928203,-3.464102,3.464102,0,1
5.196152,1.732051,6.928203,-3.464102,3.464102,0,1
3.464102,1.732051,5.196152,0,0,0,0
3.464102,1.732051,5.196152,0,0,0,0
3.464102,1.732051,5.196152,0,0,0,0
3.464102,1.732051,6.928203,0,0,0,0
3.464102,1.732051,6.928203,0,0,0,0
3.464102,1.732051,6.928203,0,0,0,0
3.464102,1.732051,8.660254,0,0,0,0
3.464102,1.732051,8.660254,0,0,0,0
5.196152,1.732051,5.196152,-1.732051,1.732051,0,0
5.196152,1.732051,5.196152,-1.732051,1.732051,0,0
5.196152,1.732051,5.196152,-1.732051,1.732051,0,1
5.196152,1.732051,6.928203,-1.732051,1.732051,0,0
5.196152,1.732051,8.660254,-1.732051,1.732051,0,0
5.196152,1.732051,8.660254,-1.732051,1.732051,0,1
5.196152,1.732051,8.660254,-1.732051,1.732051,0,1
6.928203,1.732051,5.196152,-3.464102,3.464102,0,0
6.928203,1.732051,5.196152,-3.464102,3.464102,0,1
6.928203,1.732051,6.928203,-3.464102,3.464102,0,0
6.928203,1.732051,6.928203,-3.464102,3.464102,0,1
6.928203,1.732051,8.660254,-3.464102,3.464102,0,1
6.928203,1.732051,8.660254,-3.464102,3.464102,0,1
5.196152,1.732051,6.928203,0,0,0,0
5.196152,1.732051,6.928203,0,0,0,0
5.196152,1.732051,8.660254,0,0,0,0
5.196152,1.732051,8.660254,0,0,0,0
5.196152,1.732051,10.392305,0,0,0,0
5.196152,1.732051,10.392305,0,0,0,0
6.928203,1.732051,6.928203,-1.732051,1.732051,0,0
6.928203,1.732051,6.928203,-1.732051,1.732051,0,1
6.928203,1.732051,8.660254,-1.732051,1.732051,0,1
6.928203,1.732051,8.660254,-1.732051,1.732051,0,1
6.928203,1.732051,10.392305,-1.732051,1.732051,0,0
6.928203,1.732051,10.392305,-1.732051,1.732051,0,1
6.928203,1.732051,10.392305,-1.732051,1.732051,0,1
8.660254,1.732051,6.928203,-3.464102,3.464102,0,0
8.660254,1.732051,6.928203,-3.464102,3.464102,0,0
8.660254,1.732051,6.928203,-3.464102,3.464102,0,1
8.660254,1.732051,8.660254,-3.464102,3.464102,0,0
8.660254,1.732051,8.660254,-3.464102,3.464102,0,1
8.660254,1.732051,10.392305,-3.464102,3.464102,0,0
8.660254,1.732051,10.392305,-3.464102,3.464102,0,1
8.660254,1.732051,10.392305,-3.464102,3.464102,0,1
0,1.732051,1.732051,0,0,0,0
0,1.732051,1.732051,0,0,0,0
0,1.732051,3.464102,0,0,0,0
0,1.732051,3.464102,0,0,0,0
0,1.732051,3.464102,0,0,0,0
0,1.732051,5.196152,0,0,0,0
0,1.732051,5.196152,0,0,0,0
0,1.732051,5.196152,0,0,0,0
1.732051,1.732051,1.732051,-1.732051,1.732051,0,0
1.732051,1.732051,1.732051,-1.732051,1.732051,0,0
1.732051,1.732051,1.732051,-1.732051,1.732051,0,1
1.732051,1.732051,3.464102,-1.732051,1.732051,0,0
1.732051,1.732051,3.464102,-1.732051,1.732051,0,0
1.732051,1.732051,3.464102,-1.732051,1.732051,0,1
1.732051,1.732051,5.196152,-1.732051,1.732051,0,0
1.732051,1.732051,5.196152,-1.732051,1.732051,0,1
3.464102,1.732051,1.732051,-3.464102,3.464102,0,0
3.464102,1.732051,1.732051,-3.464102,3.464102,0,0
3.464102,1.732051,1.732051,-3.464102,3.464102,0,0
3.464102,1.732051,3.464102,-3.464102,3.464102,0,0
3.464102,1.732051,3.464102,-3.464102,3.464102,0,0
3.464102,1.732051,3.464102,-3.464102,3.464102,0,1
3.464102,1.732051,5.196152,-3.464102,3.464102,0,0
3.464102,1.732051,5.196152,-3.464102,3.464102,0,1
3.464102,1.732051,5.196152,-3.464102,3.464102,0,1
1.732051,1.732051,3.464102,0,0,0,0
1.732051,1.732051,5.196152,0,0,0,0
1.732051,1.732051,6.928203,0,0,0,0
1.732051,1.732051,6.928203,0,0,0,0
3.464102,1.732051,3.464102,-1.732051,1.732051,0,0
3.464102,1.732051,3.464102,-1.732051,1.732051,0,0
3.464102,1.732051,3.464102,-1.732051,1.732051,0,1
3.464102,1.732051,5.196152,-1.732051,1.732051,0,0
3.464102,1.732051,5.196152,-1.732051,1.732051,0,0
3.464102,1.732051,5.196152,-1.732051,1.732051,0,1
3.464102,1.732051,6.928203,-1.732051,1.732051,0,1
5.196152,1.732051,3.464102,-3.464102,3.464102,0,0
5.196152,1.732051,3.464102,-3.464102,3.464102,0,0
5.196152,1.732051,5.196152,-3.464102,3.464102,0,0
5.196152,1.732051,5.196152,-3.464102,3.464102,0,1
5.196152,1.732051,5.196152,-3.464102,3.464102,0,1
5.196152,1.732051,6.928203,-3.464102,3.464102,0,1
5.196152,1.732051,6.928203,-3.464102,3.464102,0,1
3.464102,1.732051,5.196152,0,0,0,0
3.464102,1.732051,5.196152,0,0,0,0
3.464102,1.732051,5.196152,0,0,0,0
3.464102,1.732051,6.928203,0,0,0,0
3.464102,1.732051,6.928203,0,0,0,0
3.464102,1.732051,6.928203,0,0,0,0
3.464102,1.732051,8.660254,0,0,0,0
3.464102,1.732051,8.660254,0,0,0,0
5.196152,1.732051,5.196152,-1.732051,1.732051,0,0
5.196152,1.732051,5.196152,-1.732051,1.732051,0,0
5.196152,1.732051,5.196152,-1.732051,1.732051,0,1
5.196152,1.732051,6.928203,-1.732051,1.732051,0,0
5.196152,1.732051,6.928203,-1.732051,1.732051,0,1
5.196152,1.732051,8.660254,-1.732051,1.732051,0,1
5.196152,1.732051,8.660254,-1.732051,1.732051,0,1
6.928203,1.732051,5.196152,-3.464102,3.464102,0,0
6.928203,1.732051,5.196152,-3.464102,3.464102,0,1
6.928203,1.732051,6.928203,-3.464102,3.464102,0,0
6.928203,1.732051,6.928203,-3.464102,3.464102,0,1
6.928203,1.732051,8.660254,-3.464102,3.464102,0,0
6.928203,1.732051,8.660254,-3.464102,3.464102,0,1
6.928203,1.732051,8.660254,-3.464102,3.464102,0,1
5.196152,1.732051,8.660254,0,0,0,0
5.196152,1.732051,8.660254,0,0,0,0
5.196152,1.732051,8.660254,0,0,0,0
5.196152,1.732051,10.392305,0,0,0,0
5.196152,1.732051,10.392305,0,0,0,0
5.196152,1.732051,10.392305,0,0,0,0
6.928203,1.732051,6.928203,-1.732051,1.732051,0,0
6.928203,1.732051,6.928203,-1.732051,1.732051,0,0
6.928203,1.732051,6.928203,-1.732051,1.732051,0,1
6.928203,1.732051,8.660254,-1.732051,1.732051,0,0
6.928203,1.732051,8.660254,-1.732051,1.732051,0,1
6.928203,1.732051,8.660254,-1.732051,1.732051,0,1
6.928203,1.732051,10.392305,-1.732051,1.732051,0,1
6.928203,1.732051,10.392305,-1.732051,1.732051,0,1
8.660254,1.732051,6.928203,-3.464102,3.464102,0,0
8.660254,1.732051,6.928203,-3.464102,3.464102,0,0
8.660254,1.732051,6.928203,-3.464102,3.464102,0,1
8.660254,1.732051,8.660254,-3.464102,3.464102,0,0
8.660254,1.732051,8.660254,-3.464102,3.464102,0,1
8.660254,1.732051,8.660254,-3.464102,3.464102,0,1
8.660254,1.732051,10.392305,-3.464102,3.464102,0,0
8.660254,1.732051,10.392305,-3.464102,3.464102,0,1
0,3.464102,3.464102,0,0,0,0
0,3.464102,3.464102,0,0,0,0
0,3.464102,3.464102,0,0,0,0
0,3.464102,5.196152,0,0,0,0
0,3.464102,5.196152,0,0,0,0
0,3.464102,6.928203,0,0,0,0
0,3.464102,6.928203,0,0,0,0
1.732051,3.464102,3.464102,-1.732051,1.732051,0,0
1.732051,3.464102,3.464102,-1.732051,1.732051,0,0
1.732051,3.464102,3.464102,-1.732051,1.732051,0,1
1.732051,3.464102,5.196152,-1.732051,1.732051,0,0
1.732051,3.464102,5.196152,-1.732051,1.732051,0,0
1.732051,3.464102,5.196152,-1.732051,1.732051,0,1
1.732051,3.464102,6.928203,-1.732051,1.732051,0,0
1.732051,3.464102,6.928203,-1.732051,1.732051,0,1
1.732051,3.464102,6.928203,-1.732051,1.732051,0,1
3.464102,3.464102,3.464102,-3.464102,3.464102,0,0
3.464102,3.464102,5.196152,-3.464102,3.464102,0,0
3.464102,3.464102,5.196152,-3.464102,3.464102,0,0
3.464102,3.464102,5.196152,-3.464102,3.464102,0,1
3.464102,3.464102,6.928203,-3.464102,3.464102,0,0
3.464102,3.464102,6.928203,-3.464102,3.464102,0,1
3.464102,3.464102,6.928203,-3.464102,3.464102,0,1
1.732051,3.464102,5.196152,0,0,0,0
1.732051,3.464102,5.196152,0,0,0,0
1.732051,3.464102,5.196152,0,0,0,0
1.732051,3.464102,6.928203,0,0,0,0
1.732051,3.464102,6.928203,0,0,0,0
1.732051,3.464102,6.928203,0,0,0,0
1.732051,3.464102,8.660254,0,0,0,0
1.732051,3.464102,8.660254,0,0,0,0
3.464102,3.464102,5.196152,-1.732051,1.732051,0,0
3.464102,3.464102,5.196152,-1.732051,1.732051,0,0
3.464102,3.464102,5.196152,-1.732051,1.732051,0,1
3.464102,3.464102,6.928203,-1.732051,1.732051,0,0
3.464102,3.464102,8.660254,-1.732051,1.732051,0,0
3.464102,3.464102,8.660254,-1.732051,1.732051,0,1
5.196152,3.464102,5.196152,-3.464102,3.464102,0,0
5.196152,3.464102,5.196152,-3.464102,3.464102,0,0
5.196152,3.464102,5.196152,-3.464102,3.464102,0,1
5.196152,3.464102,6.928203,-3.464102,3.464102,0,1
5.196152,3.464102,8.660254,-3.464102,3.464102,0,1
3.464102,3.464102,6.928203,0,0,0,0
3.464102,3.464102,6.928203,0,0,0,0
3.464102,3.464102,6.928203,0,0,0,0
3.464102,3.464102,8.660254,0,0,0,0
3.464102,3.464102,8.660254,0,0,0,0
3.464102,3.464102,8.660254,0,0,0,0
3.464102,3.464102,10.392305,0,0,0,0
5.196152,3.464102,6.928203,-1.732051,1.732051,0,0
5.196152,3.464102,6.928203,-1.732051,1.732051,0,0
5.196152,3.464102,6.928203,-1.732051,1.732051,0,1
5.196152,3.464102,8.660254,-1.732051,1.732051,0,0
5.196152,3.464102,8.660254,-1.732051,1.732051,0,1
5.196152,3.464102,10.392305,-1.732051,1.732051,0,0
5.196152,3.464102,10.392305,-1.732051,1.732051,0,1
5.196152,3.464102,10.392305,-1.732051,1.732051,0,1
6.928203,3.464102,6.928203,-3.464102,3.464102,0,0
6.928203,3.464102,6.928203,-3.464102,3.464102,0,1
6.928203,3.464102,8.660254,-3.464102,3.464102,0,0
6.928203,3.464102,10.392305,-3.464102,3.464102,0,1
6.928203,3.464102,10.392305,-3.464102,3.464102,0,1
5.196152,3.464102,8.660254,0,0,0,0
5.196152,3.464102,8.660254,0,0,0,0
5.196152,3.464102,8.660254,0,0,0,0
5.196152,3.464102,10.392305,0,0,0,0
5.196152,3.464102,10.392305,0,0,0,0
5.196152,3.464102,12.124356,0,0,0,0
5.196152,3.464102,12.124356,0,0,0,0
5.196152,3.464102,12.124356,0,0,0,0
6.928203,3.464102,8.660254,-1.732051,1.732051,0,0
6.928203,3.464102,8.660254,-1.732051,1.732051,0,1
6.928203,3.464102,10.392305,-1.732051,1.732051,0,0
6.928203,3.464102,10.392305,-1.732051,1.732051,0,1
6.928203,3.464102,12.124356,-1.732051,1.732051,0,0
6.928203,3.464102,12.124356,-1.732051,1.732051,0,1
6.928203,3.464102,12.124356,-1.732051,1.732051,0,1
8.660254,3.464102,8.660254,-3.464102,3.464102,0,0
8.660254,3.464102,8.660254,-3.464102,3.464102,0,0
8.660254,3.464102,8.660254,-3.464102,3.464102,0,1
8.660254,3.464102,10.392305,-3.464102,3.464102,0,0
8.660254,3.464102,10.392305,-3.464102,3.464102,0,1
8.660254,3.464102,10.392305,-3.464102,3.464102,0,1
8.660254,3.464102,12.124356,-3.464102,3.464102,0,0
8.660254,3.464102,12.124356,-3.464102,3.464102,0,1
0,3.464102,3.464102,0,0,0,0
0,3.464102,3.464102,0,0,0,0
0,3.464102,5.196152,0,0,0,0
0,3.464102,5.196152,0,0,0,0
0,3.464102,6.928203,0,0,0,0
0,3.464102,6.928203,0,0,0,0
0,3.464102,6.928203,0,0,0,0
1.732051,3.464102,3.464102,-1.732051,1.732051,0,0
1.732051,3.464102,5.196152,-1.732051,1.732051,0,0
1.732051,3.464102,5.196152,-1.732051,1.732051,0,0
1.732051,3.464102,5.196152,-1.732051,1.732051,0,1
1.732051,3.464102,6.928203,-1.732051,1.732051,0,0
1.732051,3.464102,6.928203,-1.732051,1.732051,0,1
3.464102,3.464102,3.464102,-3.464102,3.464102,0,0
3.464102,3.464102,3.464102,-3.464102,3.464102,0,0
3.464102,3.464102,5.196152,-3.464102,3.464102,0,0
3.464102,3.464102,5.196152,-3.464102,3.464102,0,0
3.464102,3.464102,5.196152,-3.464102,3.464102,0,1
3.464102,3.464102,6.928203,-3.464102,3.464102,0,0
3.464102,3.464102,6.928203,-3.464102,3.464102,0,1
1.732051,3.464102,5.196152,0,0,0,0
1.732051,3.464102,5.196152,0,0,0,0
1.732051,3.464102,6.928203,0,0,0,0
1.732051,3.464102,6.928203,0,0,0,0
1.732051,3.464102,6.928203,0,0,0,0
1.732051,3.464102,8.660254,0,0,0,0
1.732051,3.464102,8.660254,0,0,0,0
1.732051,3.464102,8.660254,0,0,0,0
3.464102,3.464102,5.196152,-1.732051,1.732051,0,0
3.464102,3.464102,5.196152,-1.732051,1.732051,0,1
3.464102,3.464102,6.928203,-1.732051,1.732051,0,0
3.464102,3.464102,6.928203,-1.732051,1.732051,0,0
3.464102,3.464102,8.660254,-1.732051,1.732051,0,0
3.464102,3.464102,8.660254,-1.732051,1.732051,0,1
5.196152,3.464102,5.196152,-3.464102,3.464102,0,0
5.196152,3.464102,5.196152,-3.464102,3.464102,0,0
5.196152,3.464102,5.196152,-3.464102,3.464102,0,1
5.196152,3.464102,6.928203,-3.464102,3.464102,0,0
5.196152,3.464102,6.928203,-3.464102,3.464102,0,1
5.196152,3.464102,6.928203,-3.464102,3.464102,0,1
5.196152,3.464102,8.660254,-3.464102,3.464102,0,0
5.196152,3.464102,8.660254,-3.464102,3.464102,0,1
3.464102,3.464102,6.928203,0,0,0,0
3.464102,3.464102,6.928203,0,0,0,0
3.464102,3.464102,6.928203,0,0,0,0
3.464102,3.464102,8.660254,0,0,0,0
3.464102,3.464102,8.660254,0,0,0,0
3.464102,3.464102,8.660254,0,0,0,0
3.464102,3.464102,10.392305,0,0,0,0
3.464102,3.464102,10.392305,0,0,0,0
3.464102,3.464102,10.392305,0,0,0,0
5.196152,3.464102,6.928203,-1.732051,1.732051,0,0
5.196152,3.464102,6.928203,-1.732051,1.732051,0,0
5.196152,3.464102,6.928203,-1.732051,1.732051,0,1
5.196152,3.464102,8.660254,-1.732051,1.732051,0,0
5.196152,3.464102,8.660254,-1.732051,1.732051,0,1
5.196152,3.464102,10.392305,-1.732051,1.732051,0,0
5.196152,3.464102,10.392305,-1.732051,1.732051,0,1
5.196152,3.464102,10.392305,-1.732051,1.732051,0,1
6.928203,3.464102,6.928203,-3.464102,3.464102,0,0
6.928203,3.464102,6.928203,-3.464102,3.464102,0,0
6.928203,3.464102,6.928203,-3.464102,3.464102,0,1
6.928203,3.464102,8.660254,-3.464102,3.464102,0,0
6.928203,3.464102,8.660254,-3.464102,3.464102,0,1
6.928203,3.464102,10.392305,-3.464102,3.464102,0,1
6.928203,3.464102,10.392305,-3.464102,3.464102,0,1
5.196152,3.464102,8.660254,0,0,0,0
5.196152,3.464102,8.660254,0,0,0,0
5.196152,3.464102,10.392305,0,0,0,0
5.196152,3.464102,12.124356,0,0,0,0
6.928203,3.464102,8.660254,-1.732051,1.732051,0,0
6.928203,3.464102,8.660254,-1.732051,1.732051,0,1
6.928203,3.464102,10.392305,-1.732051,1.732051,0,1
6.928203,3.464102,12.124356,-1.732051,1.732051,0,0
6.928203,3.464102,12.124356,-1.732051,1.732051,0,1
8.660254,3.464102,8.660254,-3.464102,3.464102,0,0
8.660254,3.464102,8.660254,-3.464102,3.464102,0,1
8.660254,3.464102,10.392305,-3.464102,3.464102,0,0
8.660254,3.464102,10.392305,-3.464102,3.464102,0,1
8.660254,3.464102,12.124356,-3.464102,3.464102,0,0
8.660254,3.464102,12.124356,-3.464102,3.464102,0,1
8.660254,3.464102,12.124356,-3.464102,3.464102,0,1
0,3.464102,3.464102,0,0,0,0
0,3.464102,3.464102,0,0,0,0
0,3.464102,5.196152,0,0,0,0
0,3.464102,5.196152,0,0,0,0
0,3.464102,5.196152,0,0,0,0
0,3.464102,6.928203,0,0,0,0
0,3.464102,6.928203,0,0,0,0
1.732051,3.464102,3.464102,-1.732051,1.732051,0,0
1.732051,3.464102,3.464102,-1.732051,1.732051,0,1
1.732051,3.464102,3.464102,-1.732051,1.732051,0,1
1.732051,3.464102,5.196152,-1.732051,1.732051,0,0
1.732051,3.464102,5.196152,-1.732051,1.732051,0,1
1.732051,3.464102,5.196152,-1.732051,1.732051,0,1
1.732051,3.464102,6.928203,-1.732051,1.732051,0,0
1.732051,3.464102,6.928203,-1.732051,1.732051,0,1
1.732051,3.464102,6.928203,-1.732051,1.732051,0,3
3.464102,3.464102,3.464102,-3.464102,3.464102,0,0
3.464102,3.464102,3.464102,-3.464102,3.464102,0,0
3.464102,3.464102,3.464102,-3.464102,3.464102,0,0
3.464102,3.464102,5.196152,-3.464102,3.464102,0,0
3.464102,3.464102,5.196152,-3.464102,3.464102,0,1
3.464102,3.464102,5.196152,-3.464102,3.464102,0,1
3.464102,3.464102,6.928203,-3.464102,3.464102,0,0
3.464102,3.464102,6.928203,-3.464102,3.464102,0,3
1.732051,3.464102,5.196152,0,0,0,0
1.732051,3.464102,5.196152,0,0,0,0
1.732051,3.464102,6.928203,0,0,0,0
1.732051,3.464102,6.928203,0,0,0,0
1.732051,3.464102,6.928203,0,0,0,0
1.732051,3.464102,8.660254,0,0,0,0
1.732051,3.464102,8.660254,0,0,0,0
1.732051,3.464102,8.660254,0,0,0,0
3.464102,3.464102,5.196152,-1.732051,1.732051,0,1
3.464102,3.464102,6.928203,-1.732051,1.732051,0,0
3.464102,3.464102,6.928203,-1.732051,1.732051,0,1
3.464102,3.464102,8.660254,-1.732051,1.732051,0,0
3.464102,3.464102,8.660254,-1.732051,1.732051,0,1
3.464102,3.464102,8.660254,-1.732051,1.732051,0,3
5.196152,3.464102,5.196152,-3.464102,3.464102,0,0
5.196152,3.464102,5.196152,-3.464102,3.464102,0,1
5.196152,3.464102,5.196152,-3.464102,3.464102,0,1
5.196152,3.464102,6.928203,-3.464102,3.464102,0,3
5.196152,3.464102,8.660254,-3.464102,3.464102,0,0
5.196152,3.464102,8.660254,-3.464102,3.464102,0,1
5.196152,3.464102,8.660254,-3.464102,3.464102,0,3
3.464102,3.464102,6.928203,0,0,0,0
3.464102,3.464102,6.928203,0,0,0,0
3.464102,3.464102,6.928203,0,0,0,0
3.464102,3.464102,8.660254,0,0,0,0
3.464102,3.464102,8.660254,0,0,0,0
3.464102,3.464102,8.660254,0,0,0,0
3.464102,3.464102,10.392305,0,0,0,0
5.196152,3.464102,6.928203,-1.732051,1.732051,0,0
5.196152,3.464102,6.928203,-1.732051,1.732051,0,1
5.196152,3.464102,8.660254,-1.732051,1.732051,0,1
5.196152,3.464102,10.392305,-1.732051,1.732051,0,0
5.196152,3.464102,10.392305,-1.732051,1.732051,0,1
5.196152,3.464102,10.392305,-1.732051,1.732051,0,3
6.928203,3.464102,6.928203,-3.464102,3.464102,0,0
6.928203,3.464102,6.928203,-3.464102,3.464102,0,1
6.928203,3.464102,6.928203,-3.464102,3.464102,0,1
6.928203,3.464102,8.660254,-3.464102,3.464102,0,0
6.928203,3.464102,8.660254,-3.464102,3.464102,0,3
6.928203,3.464102,10.392305,-3.464102,3.464102,0,1
6.928203,3.464102,10.392305,-3.464102,3.464102,0,3
5.196152,3.464102,8.660254,0,0,0,0
5.196152,3.464102,8.660254,0,0,0,0
5.196152,3.464102,8.660254,0,0,0,0
5.196152,3.464102,10.392305,0,0,0,0
5.196152,3.464102,10.392305,0,0,0,0
5.196152,3.464102,10.392305,0,0,0,0
5.196152,3.464102,12.124356,0,0,0,0
5.196152,3.464102,12.124356,0,0,0,0
5.196152,3.464102,12.124356,0,0,0,0
6.928203,3.464102,8.660254,-1.732051,1.732051,0,1
6.928203,3.464102,8.660254,-1.732051,1.732051,0,1
6.928203,3.464102,10.392305,-1.732051,1.732051,0,1
6.928203,3.464102,10.392305,-1.732051,1.732051,0,3
6.928203,3.464102,12.124356,-1.732051,1.732051,0,0
6.928203,3.464102,12.124356,-1.732051,1.732051,0,1
8.660254,3.464102,8.660254,-3.464102,3.464102,0,0
8.660254,3.464102,8.660254,-3.464102,3.464102,0,1
8.660254,3.464102,8.660254,-3.464102,3.464102,0,1
8.660254,3.464102,10.392305,-3.464102,3.464102,0,0
8.660254,3.464102,10.392305,-3.464102,3.464102,0,1
8.660254,3.464102,10.392305,-3.464102,3.464102,0,3
8.660254,3.464102,12.124356,-3.464102,3.464102,0,0
8.660254,3.464102,12.124356,-3.464102,3.464102,0,1
8.660254,3.464102,12.124356,-3.464102,3.464102,0,3
0,3.464102,3.464102,0,0,0,0
0,3.464102,5.196152,0,0,0,0
0,3.464102,5.196152,0,0,0,0
0,3.464102,6.928203,0,0,0,0
0,3.464102,6.928203,0,0,0,0
1.732051,3.464102,3.464102,-1.732051,1.732051,0,1
1.732051,3.464102,3.464102,-1.732051,1.732051,0,2
1.732051,3.464102,5.196152,-1.732051,1.732051,0,0
1.732051,3.464102,5.196152,-1.732051,1.732051,0,1
1.732051,3.464102,5.196152,-1.732051,1.732051,0,2
1.732051,3.464102,6.928203,-1.732051,1.732051,0,0
1.732051,3.464102,6.928203,-1.732051,1.732051,0,2
1.732051,3.464102,6.928203,-1.732051,1.732051,0,3
3.464102,3.464102,3.464102,-3.464102,3.464102,0,0
3.464102,3.464102,5.196152,-3.464102,3.464102,0,0
3.464102,3.464102,5.196152,-3.464102,3.464102,0,1
3.464102,3.464102,6.928203,-3.464102,3.464102,0,0
3.464102,3.464102,6.928203,-3.464102,3.464102,0,3
1.732051,3.464102,5.196152,0,0,0,0
1.732051,3.464102,5.196152,0,0,0,0
1.732051,3.464102,5.196152,0,0,0,0
1.732051,3.464102,6.928203,0,0,0,0
1.732051,3.464102,6.928203,0,0,0,0
1.732051,3.464102,8.660254,0,0,0,0
1.732051,3.464102,8.660254,0,0,0,0
1.732051,3.464102,8.660254,0,0,0,0
3.464102,3.464102,5.196152,-1.732051,1.732051,0,0
3.464102,3.464102,5.196152,-1.732051,1.732051,0,1
3.464102,3.464102,6.928203,-1.732051,1.732051,0,0
3.464102,3.464102,6.928203,-1.732051,1.732051,0,2
3.464102,3.464102,8.660254,-1.732051,1.732051,0,2
5.196152,3.464102,5.196152,-3.464102,3.464102,0,0
5.196152,3.464102,5.196152,-3.464102,3.464102,0,2
5.196152,3.464102,6.928203,-3.464102,3.464102,0,0
5.196152,3.464102,6.928203,-3.464102,3.464102,0,2
5.196152,3.464102,6.928203,-3.464102,3.464102,0,3
5.196152,3.464102,8.660254,-3.464102,3.464102,0,0
5.196152,3.464102,8.660254,-3.464102,3.464102,0,2
5.196152,3.464102,8.660254,-3.464102,3.464102,0,3
3.464102,3.464102,6.928203,0,0,0,0
3.464102,3.464102,6.928203,0,0,0,0
3.464102,3.464102,6.928203,0,0,0,0
3.464102,3.464102,8.660254,0,0,0,0
3.464102,3.464102,8.660254,0,0,0,0
3.464102,3.464102,8.660254,0,0,0,0
3.464102,3.464102,10.392305,0,0,0,0
3.464102,3.464102,10.392305,0,0,0,0
5.196152,3.464102,6.928203,-1.732051,1.732051,0,1
5.196152,3.464102,6.928203,-1.732051,1.732051,0,2
5.196152,3.464102,8.660254,-1.732051,1.732051,0,0
5.196152,3.464102,8.660254,-1.732051,1.732051,0,2
5.196152,3.464102,8.660254,-1.732051,1.732051,0,3
5.196152,3.464102,10.392305,-1.732051,1.732051,0,0
5.196152,3.464102,10.392305,-1.732051,1.732051,0,3
6.928203,3.464102,6.928203,-3.464102,3.464102,0,1
6.928203,3.464102,6.928203,-3.464102,3.464102,0,2
6.928203,3.464102,8.660254,-3.464102,3.464102,0,0
6.928203,3.464102,8.660254,-3.464102,3.464102,0,2
6.928203,3.464102,8.660254,-3.464102,3.464102,0,3
6.928203,3.464102,10.392305,-3.464102,3.464102,0,2
6.928203,3.464102,10.392305,-3.464102,3.464102,0,3
5.196152,3.464102,8.660254,0,0,0,0
5.196152,3.464102,10.392305,0,0,0,0
5.196152,3.464102,10.392305,0,0,0,0
5.196152,3.464102,10.392305,0,0,0,0
5.196152,3.464102,12.124356,0,0,0,0
5.196152,3.464102,12.124356,0,0,0,0
6.928203,3.464102,8.660254,-1.732051,1.732051,0,0
6.928203,3.464102,8.660254,-1.732051,1.732051,0,1
6.928203,3.464102,8.660254,-1.732051,1.732051,0,2
6.928203,3.464102,10.392305,-1.732051,1.732051,0,0
6.928203,3.464102,10.392305,-1.732051,1.732051,0,2
6.928203,3.464102,10.392305,-1.732051,1.732051,0,3
6.928203,3.464102,12.124356,-1.732051,1.732051,0,0
6.928203,3.464102,12.124356,-1.732051,1.732051,0,2
6.928203,3.464102,12.124356,-1.732051,1.732051,0,3
8.660254,3.464102,8.660254,-3.464102,3.464102,0,0
8.660254,3.464102,8.660254,-3.464102,3.464102,0,1
8.660254,3.464102,8.660254,-3.464102,3.464102,0,2
8.660254,3.464102,10.392305,-3.464102,3.464102,0,0
8.660254,3.464102,10.392305,-3.464102,3.464102,0,2
8.660254,3.464102,10.392305,-3.464102,3.464102,0,3
8.660254,3.464102,12.124356,-3.464102,3.464102,0,0
8.660254,3.464102,12.124356,-3.464102,3.464102,0,2
8.660254,3.464102,12.124356,-3.464102,3.464102,0,3
0,5.196152,5.196152,0,0,0,0
0,5.196152,5.196152,0,0,0,0
0,5.196152,5.196152,0,0,0,0
0,5.196152,6.928203,0,0,0,0
0,5.196152,8.660254,0,0,0,0
0,5.196152,8.660254,0,0,0,0
1.732051,5.196152,5.196152,-1.732051,1.732051,0,0
1.732051,5.196152,5.196152,-1.732051,1.732051,0,0
1.732051,5.196152,5.196152,-1.732051,1.732051,0,1
1.732051,5.196152,6.928203,-1.732051,1.732051,0,0
1.732051,5.196152,6.928203,-1.732051,1.732051,0,1
1.732051,5.196152,8.660254,-1.732051,1.732051,0,0
1.732051,5.196152,8.660254,-1.732051,1.732051,0,1
1.732051,5.196152,8.660254,-1.732051,1.732051,0,1
3.464102,5.196152,5.196152,-3.464102,3.464102,0,0
3.464102,5.196152,5.196152,-3.464102,3.464102,0,0
3.464102,5.196152,5.196152,-3.464102,3.464102,0,0
3.464102,5.196152,6.928203,-3.464102,3.464102,0,0
3.464102,5.196152,6.928203,-3.464102,3.464102,0,0
3.464102,5.196152,6.928203,-3.464102,3.464102,0,1
3.464102,5.196152,8.660254,-3.464102,3.464102,0,0
3.464102,5.196152,8.660254,-3.464102,3.464102,0,1
3.464102,5.196152,8.660254,-3.464102,3.464102,0,1
1.732051,5.196152,6.928203,0,0,0,0
1.732051,5.196152,6.928203,0,0,0,0
1.732051,5.196152,6.928203,0,0,0,0
1.732051,5.196152,8.660254,0,0,0,0
1.732051,5.196152,10.392305,0,0,0,0
1.732051,5.196152,10.392305,0,0,0,0
1.732051,5.196152,10.392305,0,0,0,0
3.464102,5.196152,6.928203,-1.732051,1.732051,0,0
3.464102,5.196152,6.928203,-1.732051,1.732051,0,1
3.464102,5.196152,8.660254,-1.732051,1.732051,0,0
3.464102,5.196152,8.660254,-1.732051,1.732051,0,1
3.464102,5.196152,10.392305,-1.732051,1.732051,0,0
3.464102,5.196152,10.392305,-1.732051,1.732051,0,1
3.464102,5.196152,10.392305,-1.732051,1.732051,0,1
5.196152,5.196152,6.928203,-3.464102,3.464102,0,0
5.196152,5.196152,6.928203,-3.464102,3.464102,0,0
5.196152,5.196152,6.928203,-3.464102,3.464102,0,1
5.196152,5.196152,8.660254,-3.464102,3.464102,0,0
5.196152,5.196152,8.660254,-3.464102,3.464102,0,1
5.196152,5.196152,8.660254,-3.464102,3.464102,0,1
5.196152,5.196152,10.392305,-3.464102,3.464102,0,0
5.196152,5.196152,10.392305,-3.464102,3.464102,0,1
5.196152,5.196152,10.392305,-3.464102,3.464102,0,1
3.464102,5.196152,8.660254,0,0,0,0
3.464102,5.196152,8.660254,0,0,0,0
3.464102,5.196152,8.660254,0,0,0,0
3.464102,5.196152,10.392305,0,0,0,0
3.464102,5.196152,10.392305,0,0,0,0
3.464102,5.196152,10.392305,0,0,0,0
3.464102,5.196152,12.124356,0,0,0,0
3.464102,5.196152,12.124356,0,0,0,0
5.196152,5.196152,8.660254,-1.732051,1.732051,0,0
5.196152,5.196152,8.660254,-1.732051,1.732051,0,1
5.196152,5.196152,10.392305,-1.732051,1.732051,0,1
5.196152,5.196152,12.124356,-1.732051,1.732051,0,0
5.196152,5.196152,12.124356,-1.732051,1.732051,0,1
5.196152,5.196152,12.124356,-1.732051,1.732051,0,1
6.928203,5.196152,8.660254,-3.464102,3.464102,0,0
6.928203,5.196152,8.660254,-3.464102,3.464102,0,0
6.928203,5.196152,8.660254,-3.464102,3.464102,0,1
6.928203,5.196152,10.392305,-3.464102,3.464102,0,0
6.928203,5.196152,10.392305,-3.464102,3.464102,0,1
6.928203,5.196152,12.124356,-3.464102,3.464102,0,0
6.928203,5.196152,12.124356,-3.464102,3.464102,0,1
5.196152,5.196152,10.392305,0,0,0,0
5.196152,5.196152,10.392305,0,0,0,0
5.196152,5.196152,12.124356,0,0,0,0
5.196152,5.196152,12.124356,0,0,0,0
5.196152,5.196152,13.856406,0,0,0,0
5.196152,5.196152,13.856406,0,0,0,0
5.196152,5.196152,13.856406,0,0,0,0
6.928203,5.196152,10.392305,-1.732051,1.732051,0,0
6.928203,5.196152,10.392305,-1.732051,1.732051,0,0
6.928203,5.196152,10.392305,-1.732051,1.732051,0,1
6.928203,5.196152,12.124356,-1.732051,1.732051,0,0
6.928203,5.196152,12.124356,-1.732051,1.732051,0,1
6.928203,5.196152,13.856406,-1.732051,1.732051,0,0
6.928203,5.196152,13.856406,-1.732051,1.732051,0,1
6.928203,5.196152,13.856406,-1.732051,1.732051,0,1
8.660254,5.196152,10.392305,-3.464102,3.464102,0,0
8.660254,5.196152,10.392305,-3.464102,3.464102,0,0
8.660254,5.196152,10.392305,-3.464102,3.464102,0,1
8.660254,5.196152,12.124356,-3.464102,3.464102,0,0
8.660254,5.196152,12.124356,-3.464102,3.464102,0,1
8.660254,5.196152,12.124356,-3.464102,3.464102,0,1
8.660254,5.196152,13.856406,-3.464102,3.464102,0,0
8.660254,5.196152,13.856406,-3.464102,3.464102,0,1
0,5.196152,5.196152,0,0,0,0
0,5.196152,5.196152,0,0,0,0
0,5.196152,5.196152,0,0,0,0
0,5.196152,6.928203,0,0,0,0
0,5.196152,6.928203,0,0,0,0
0,5.196152,8.660254,0,0,0,0
0,5.196152,8.660254,0,0,0,0
1.732051,5.196152,5.196152,-1.732051,1.732051,0,0
1.732051,5.196152,5.196152,-1.732051,1.732051,0,1
1.732051,5.196152,6.928203,-1.732051,1.732051,0,1
1.732051,5.196152,8.660254,-1.732051,1.732051,0,0
1.732051,5.196152,8.660254,-1.732051,1.732051,0,1
1.732051,5.196152,8.660254,-1.732051,1.732051,0,3
3.464102,5.196152,5.196152,-3.464102,3.464102,0,0
3.464102,5.196152,5.196152,-3.464102,3.464102,0,0
3.464102,5.196152,5.196152,-3.464102,3.464102,0,0
3.464102,5.196152,6.928203,-3.464102,3.464102,0,0
3.464102,5.196152,6.928203,-3.464102,3.464102,0,1
3.464102,5.196152,6.928203,-3.464102,3.464102,0,1
3.464102,5.196152,8.660254,-3.464102,3.464102,0,0
3.464102,5.196152,8.660254,-3.464102,3.464102,0,1
3.464102,5.196152,8.660254,-3.464102,3.464102,0,3
1.732051,5.196152,6.928203,0,0,0,0
1.732051,5.196152,6.928203,0,0,0,0
1.732051,5.196152,8.660254,0,0,0,0
1.732051,5.196152,8.660254,0,0,0,0
1.732051,5.196152,8.660254,0,0,0,0
1.732051,5.196152,10.392305,0,0,0,0
1.732051,5.196152,10.392305,0,0,0,0
3.464102,5.196152,6.928203,-1.732051,1.732051,0,0
3.464102,5.196152,6.928203,-1.732051,1.732051,0,1
3.464102,5.196152,6.928203,-1.732051,1.732051,0,1
3.464102,5.196152,8.660254,-1.732051,1.732051,0,1
3.464102,5.196152,8.660254,-1.732051,1.732051,0,1
3.464102,5.196152,10.392305,-1.732051,1.732051,0,0
3.464102,5.196152,10.392305,-1.732051,1.732051,0,3
5.196152,5.196152,6.928203,-3.464102,3.464102,0,0
5.196152,5.196152,6.928203,-3.464102,3.464102,0,1
5.196152,5.196152,8.660254,-3.464102,3.464102,0,0
5.196152,5.196152,8.660254,-3.464102,3.464102,0,1
5.196152,5.196152,8.660254,-3.464102,3.464102,0,3
5.196152,5.196152,10.392305,-3.464102,3.464102,0,1
5.196152,5.196152,10.392305,-3.464102,3.464102,0,3
3.464102,5.196152,8.660254,0,0,0,0
3.464102,5.196152,8.660254,0,0,0,0
3.464102,5.196152,10.392305,0,0,0,0
3.464102,5.196152,10.392305,0,0,0,0
3.464102,5.196152,10.392305,0,0,0,0
3.464102,5.196152,12.124356,0,0,0,0
5.196152,5.196152,8.660254,-1.732051,1.732051,0,0
5.196152,5.196152,8.660254,-1.732051,1.732051,0,1
5.196152,5.196152,8.660254,-1.732051,1.732051,0,1
5.196152,5.196152,10.392305,-1.732051,1.732051,0,0
5.196152,5.196152,10.392305,-1.732051,1.732051,0,3
5.196152,5.196152,12.124356,-1.732051,1.732051,0,0
5.196152,5.196152,12.124356,-1.732051,1.732051,0,1
6.928203,5.196152,8.660254,-3.464102,3.464102,0,0
6.928203,5.196152,8.660254,-3.464102,3.464102,0,1
6.928203,5.196152,8.660254,-3.464102,3.464102,0,1
6.928203,5.196152,10.392305,-3.464102,3.464102,0,0
6.928203,5.196152,10.392305,-3.464102,3.464102,0,1
6.928203,5.196152,10.392305,-3.464102,3.464102,0,3
6.928203,5.196152,12.124356,-3.464102,3.464102,0,0
6.928203,5.196152,12.124356,-3.464102,3.464102,0,1
6.928203,5.196152,12.124356,-3.464102,3.464102,0,3
5.196152,5.196152,10.392305,0,0,0,0
5.196152,5.196152,10.392305,0,0,0,0
5.196152,5.196152,12.124356,0,0,0,0
5.196152,5.196152,13.856406,0,0,0,0
5.196152,5.196152,13.856406,0,0,0,0
6.928203,5.196152,10.392305,-1.732051,1.732051,0,0
6.928203,5.196152,10.392305,-1.732051,1.732051,0,1
6.928203,5.196152,10.392305,-1.732051,1.732051,0,1
6.928203,5.196152,12.124356,-1.732051,1.732051,0,0
6.928203,5.196152,13.856406,-1.732051,1.732051,0,0
6.928203,5.196152,13.856406,-1.732051,1.732051,0,3
8.660254,5.196152,10.392305,-3.464102,3.464102,0,0
8.660254,5.196152,10.392305,-3.464102,3.464102,0,1
8.660254,5.196152,10.392305,-3.464102,3.464102,0,1
8.660254,5.196152,12.124356,-3.464102,3.464102,0,0
8.660254,5.196152,12.124356,-3.464102,3.464102,0,1
8.660254,5.196152,13.856406,-3.464102,3.464102,0,0
8.660254,5.196152,13.856406,-3.464102,3.464102,0,1
8.660254,5.196152,13.856406,-3.464102,3.464102,0,3
0,5.196152,5.196152,0,0,0,0
0,5.196152,5.196152,0,0,0,0
0,5.196152,5.196152,0,0,0,0
0,5.196152,6.928203,0,0,0,0
0,5.196152,6.928203,0,0,0,0
0,5.196152,8.660254,0,0,0,0
0,5.196152,8.660254,0,0,0,0
0,5.196152,8.660254,0,0,0,0
1.732051,5.196152,5.196152,-1.732051,1.732051,0,0
1.732051,5.196152,5.196152,-1.732051,1.732051,0,1
1.732051,5.196152,5.196152,-1.732051,1.732051,0,2
1.732051,5.196152,6.928203,-1.732051,1.732051,0,0
1.732051,5.196152,6.928203,-1.732051,1.732051,0,1
1.732051,5.196152,6.928203,-1.732051,1.732051,0,2
1.732051,5.196152,8.660254,-1.732051,1.732051,0,0
1.732051,5.196152,8.660254,-1.732051,1.732051,0,2
1.732051,5.196152,8.660254,-1.732051,1.732051,0,3
3.464102,5.196152,5.196152,-3.464102,3.464102,0,0
3.464102,5.196152,5.196152,-3.464102,3.464102,0,0
3.464102,5.196152,6.928203,-3.464102,3.464102,0,0
3.464102,5.196152,6.928203,-3.464102,3.464102,0,1
3.464102,5.196152,8.660254,-3.464102,3.464102,0,0
3.464102,5.196152,8.660254,-3.464102,3.464102,0,2
1.732051,5.196152,6.928203,0,0,0,0
1.732051,5.196152,6.928203,0,0,0,0
1.732051,5.196152,8.660254,0,0,0,0
1.732051,5.196152,10.392305,0,0,0,0
1.732051,5.196152,10.392305,0,0,0,0
1.732051,5.196152,10.392305,0,0,0,0
3.464102,5.196152,6.928203,-1.732051,1.732051,0,1
3.464102,5.196152,8.660254,-1.732051,1.732051,0,0
3.464102,5.196152,8.660254,-1.732051,1.732051,0,2
3.464102,5.196152,10.392305,-1.732051,1.732051,0,0
3.464102,5.196152,10.392305,-1.732051,1.732051,0,2
5.196152,5.196152,6.928203,-3.464102,3.464102,0,0
5.196152,5.196152,6.928203,-3.464102,3.464102,0,1
5.196152,5.196152,6.928203,-3.464102,3.464102,0,2
5.196152,5.196152,8.660254,-3.464102,3.464102,0,0
5.196152,5.196152,8.660254,-3.464102,3.464102,0,2
5.196152,5.196152,8.660254,-3.464102,3.464102,0,3
5.196152,5.196152,10.392305,-3.464102,3.464102,0,0
5.196152,5.196152,10.392305,-3.464102,3.464102,0,2
5.196152,5.196152,10.392305,-3.464102,3.464102,0,3
3.464102,5.196152,8.660254,0,0,0,0
3.464102,5.196152,8.660254,0,0,0,0
3.464102,5.196152,8.660254,0,0,0,0
3.464102,5.196152,10.392305,0,0,0,0
3.464102,5.196152,10.392305,0,0,0,0
3.464102,5.196152,12.124356,0,0,0,0
3.464102,5.196152,12.124356,0,0,0,0
3.464102,5.196152,12.124356,0,0,0,0
5.196152,5.196152,8.660254,-1.732051,1.732051,0,0
5.196152,5.196152,8.660254,-1.732051,1.732051,0,1
5.196152,5.196152,8.660254,-1.732051,1.732051,0,2
5.196152,5.196152,10.392305,-1.732051,1.732051,0,0
5.196152,5.196152,10.392305,-1.732051,1.732051,0,2
5.196152,5.196152,10.392305,-1.732051,1.732051,0,3
5.196152,5.196152,12.124356,-1.732051,1.732051,0,2
5.196152,5.196152,12.124356,-1.732051,1.732051,0,3
6.928203,5.196152,8.660254,-3.464102,3.464102,0,0
6.928203,5.196152,8.660254,-3.464102,3.464102,0,1
6.928203,5.196152,8.660254,-3.464102,3.464102,0,2
6.928203,5.196152,10.392305,-3.464102,3.464102,0,2
6.928203,5.196152,12.124356,-3.464102,3.464102,0,2
5.196152,5.196152,10.392305,0,0,0,0
5.196152,5.196152,10.392305,0,0,0,0
5.196152,5.196152,10.392305,0,0,0,0
5.196152,5.196152,12.124356,0,0,0,0
5.196152,5.196152,12.124356,0,0,0,0
5.196152,5.196152,12.124356,0,0,0,0
5.196152,5.196152,13.856406,0,0,0,0
5.196152,5.196152,13.856406,0,0,0,0
6.928203,5.196152,10.392305,-1.732051,1.732051,0,0
6.928203,5.196152,10.392305,-1.732051,1.732051,0,1
6.928203,5.196152,10.392305,-1.732051,1.732051,0,2
6.928203,5.196152,12.124356,-1.732051,1.732051,0,0
6.928203,5.196152,12.124356,-1.732051,1.732051,0,2
6.928203,5.196152,13.856406,-1.732051,1.732051,0,2
6.928203,5.196152,13.856406,-1.732051,1.732051,0,3
8.660254,5.196152,10.392305,-3.464102,3.464102,0,1
8.660254,5.196152,12.124356,-3.464102,3.464102,0,2
8.660254,5.196152,12.124356,-3.464102,3.464102,0,3
8.660254,5.196152,13.856406,-3.464102,3.464102,0,0
8.660254,5.196152,13.856406,-3.464102,3.464102,0,3
0,5.196152,5.196152,0,0,0,0
0,5.196152,5.196152,0,0,0,0
0,5.196152,6.928203,0,0,0,0
0,5.196152,6.928203,0,0,0,0
0,5.196152,6.928203,0,0,0,0
0,5.196152,8.660254,0,0,0,0
1.732051,5.196152,5.196152,-1.732051,1.732051,0,0
1.732051,5.196152,5.196152,-1.732051,1.732051,0,1
1.732051,5.196152,5.196152,-1.732051,1.732051,0,2
1.732051,5.196152,6.928203,-1.732051,1.732051,0,0
1.732051,5.196152,6.928203,-1.732051,1.732051,0,1
1.732051,5.196152,6.928203,-1.732051,1.732051,0,2
1.732051,5.196152,8.660254,-1.732051,1.732051,0,2
3.464102,5.196152,5.196152,-3.464102,3.464102,0,0
3.464102,5.196152,5.196152,-3.464102,3.464102,0,0
3.464102,5.196152,6.928203,-3.464102,3.464102,0,0
3.464102,5.196152,6.928203,-3.464102,3.464102,0,1
3.464102,5.196152,6.928203,-3.464102,3.464102,0,2
3.464102,5.196152,8.660254,-3.464102,3.464102,0,2
1.732051,5.196152,6.928203,0,0,0,0
1.732051,5.196152,6.928203,0,0,0,0
1.732051,5.196152,6.928203,0,0,0,0
1.732051,5.196152,8.660254,0,0,0,0
1.732051,5.196152,10.392305,0,0,0,0
3.464102,5.196152,6.928203,-1.732051,1.732051,0,0
3.464102,5.196152,6.928203,-1.732051,1.732051,0,1
3.464102,5.196152,6.928203,-1.732051,1.732051,0,2
3.464102,5.196152,8.660254,-1.732051,1.732051,0,0
3.464102,5.196152,8.660254,-1.732051,1.732051,0,1
3.464102,5.196152,8.660254,-1.732051,1.732051,0,2
3.464102,5.196152,10.392305,-1.732051,1.732051,0,0
3.464102,5.196152,10.392305,-1.732051,1.732051,0,3
5.196152,5.196152,6.928203,-3.464102,3.464102,0,0
5.196152,5.196152,6.928203,-3.464102,3.464102,0,1
5.196152,5.196152,6.928203,-3.464102,3.464102,0,2
5.196152,5.196152,8.660254,-3.464102,3.464102,0,2
5.196152,5.196152,8.660254,-3.464102,3.464102,0,3
5.196152,5.196152,10.392305,-3.464102,3.464102,0,0
5.196152,5.196152,10.392305,-3.464102,3.464102,0,2
5.196152,5.196152,10.392305,-3.464102,3.464102,0,3
3.464102,5.196152,8.660254,0,0,0,0
3.464102,5.196152,8.660254,0,0,0,0
3.464102,5.196152,8.660254,0,0,0,0
3.464102,5.196152,10.392305,0,0,0,0
3.464102,5.196152,10.392305,0,0,0,0
3.464102,5.196152,10.392305,0,0,0,0
3.464102,5.196152,12.124356,0,0,0,0
3.464102,5.196152,12.124356,0,0,0,0
3.464102,5.196152,12.124356,0,0,0,0
5.196152,5.196152,8.660254,-1.732051,1.732051,0,0
5.196152,5.196152,8.660254,-1.732051,1.732051,0,1
5.196152,5.196152,8.660254,-1.732051,1.732051,0,2
5.196152,5.196152,10.392305,-1.732051,1.732051,0,0
5.196152,5.196152,10.392305,-1.732051,1.732051,0,2
5.196152,5.196152,12.124356,-1.732051,1.732051,0,0
5.196152,5.196152,12.124356,-1.732051,1.732051,0,2
5.196152,5.196152,12.124356,-1.732051,1.732051,0,3
6.928203,5.196152,8.660254,-3.464102,3.464102,0,0
6.928203,5.196152,8.660254,-3.464102,3.464102,0,1
6.928203,5.196152,8.660254,-3.464102,3.464102,0,2
6.928203,5.196152,10.392305,-3.464102,3.464102,0,0
6.928203,5.196152,10.392305,-3.464102,3.464102,0,3
6.928203,5.196152,12.124356,-3.464102,3.464102,0,0
6.928203,5.196152,12.124356,-3.464102,3.464102,0,2
6.928203,5.196152,12.124356,-3.464102,3.464102,0,3
5.196152,5.196152,10.392305,0,0,0,0
5.196152,5.196152,10.392305,0,0,0,0
5.196152,5.196152,10.392305,0,0,0,0
5.196152,5.196152,12.124356,0,0,0,0
5.196152,5.196152,12.124356,0,0,0,0
5.196152,5.196152,13.856406,0,0,0,0
5.196152,5.196152,13.856406,0,0,0,0
6.928203,5.196152,10.392305,-1.732051,1.732051,0,0
6.928203,5.196152,10.392305,-1.732051,1.732051,0,2
6.928203,5.196152,12.124356,-1.732051,1.732051,0,0
6.928203,5.196152,12.124356,-1.732051,1.732051,0,2
6.928203,5.196152,12.124356,-1.732051,1.732051,0,3
8.660254,5.196152,10.392305,-3.464102,3.464102,0,0
8.660254,5.196152,10.392305,-3.464102,3.464102,0,1
8.660254,5.196152,10.392305,-3.464102,3.464102,0,2
8.660254,5.196152,12.124356,-3.464102,3.464102,0,0
8.660254,5.196152,12.124356,-3.464102,3.464102,0,3
8.660254,5.196152,13.856406,-3.464102,3.464102,0,0
8.660254,5.196152,13.856406,-3.464102,3.464102,0,2
8.660254,5.196152,13.856406,-3.464102,3.464102,0,3
